Sample name	Sex	Biosample ID	Population code	Population name	Superpopulation code	Superpopulation name	Population elastic ID	Data collections
HG00271	male	SAME123417	FIN	Finnish	EUR	European Ancestry	FIN	1000 Genomes on GRCh38,1000 Genomes 30x on GRCh38,1000 Genomes phase 3 release,1000 Genomes phase 1 release,Geuvadis
HG00276	female	SAME123424	FIN	Finnish	EUR	European Ancestry	FIN	1000 Genomes on GRCh38,1000 Genomes 30x on GRCh38,1000 Genomes phase 3 release,1000 Genomes phase 1 release,Geuvadis
HG00308	male	SAME124161	FIN	Finnish	EUR	European Ancestry	FIN	1000 Genomes on GRCh38,1000 Genomes 30x on GRCh38,1000 Genomes phase 3 release,Geuvadis
HG00310	male	SAME124338	FIN	Finnish	EUR	European Ancestry	FIN	1000 Genomes on GRCh38,1000 Genomes 30x on GRCh38,1000 Genomes phase 3 release,1000 Genomes phase 1 release,Geuvadis
HG00315	female	SAME124335	FIN	Finnish	EUR	European Ancestry	FIN	1000 Genomes on GRCh38,1000 Genomes 30x on GRCh38,1000 Genomes phase 3 release,1000 Genomes phase 1 release,Geuvadis
HG00327	female	SAME123791	FIN	Finnish	EUR	European Ancestry	FIN	1000 Genomes on GRCh38,1000 Genomes 30x on GRCh38,1000 Genomes phase 3 release,1000 Genomes phase 1 release,Geuvadis
HG00334	female	SAME123981	FIN	Finnish	EUR	European Ancestry	FIN	1000 Genomes on GRCh38,1000 Genomes 30x on GRCh38,1000 Genomes phase 3 release,1000 Genomes phase 1 release,Geuvadis
HG00339	female	SAME123991	FIN	Finnish	EUR	European Ancestry	FIN	1000 Genomes on GRCh38,1000 Genomes 30x on GRCh38,1000 Genomes phase 3 release,1000 Genomes phase 1 release,Geuvadis
HG00341	male	SAME124922	FIN	Finnish	EUR	European Ancestry	FIN	1000 Genomes on GRCh38,1000 Genomes 30x on GRCh38,1000 Genomes phase 3 release,1000 Genomes phase 1 release,Geuvadis
HG00346	female	SAME125264	FIN	Finnish	EUR	European Ancestry	FIN	1000 Genomes on GRCh38,1000 Genomes 30x on GRCh38,1000 Genomes phase 3 release,1000 Genomes phase 1 release,Geuvadis
HG00353	female	SAME125120	FIN	Finnish	EUR	European Ancestry	FIN	1000 Genomes on GRCh38,1000 Genomes 30x on GRCh38,1000 Genomes phase 3 release,1000 Genomes phase 1 release,Geuvadis
HG00358	male	SAME125126	FIN	Finnish	EUR	European Ancestry	FIN	1000 Genomes on GRCh38,1000 Genomes 30x on GRCh38,Human Genome Structural Variation Consortium, Phase 3,1000 Genomes phase 3 release,1000 Genomes phase 1 release,Geuvadis
HG00360	male	SAME124539	FIN	Finnish,Finnish	EUR	European Ancestry,West Eurasia (SGDP)	FIN,FinnishSGDP	1000 Genomes on GRCh38,Simons Genome Diversity Project,1000 Genomes 30x on GRCh38,1000 Genomes phase 3 release,1000 Genomes phase 1 release,Geuvadis
HG00365	female	SAME124542	FIN	Finnish	EUR	European Ancestry	FIN	1000 Genomes on GRCh38,1000 Genomes 30x on GRCh38,1000 Genomes phase 3 release,1000 Genomes phase 1 release,Geuvadis
HG00372	male	SAME124748	FIN	Finnish	EUR	European Ancestry	FIN	1000 Genomes on GRCh38,1000 Genomes 30x on GRCh38,1000 Genomes phase 3 release,1000 Genomes phase 1 release,Geuvadis
HG00132	female	SAME123061	GBR	British	EUR	European Ancestry	GBR	1000 Genomes on GRCh38,1000 Genomes 30x on GRCh38,1000 Genomes phase 3 release,1000 Genomes phase 1 release,Geuvadis
HG00137	female	SAME123066	GBR	British	EUR	European Ancestry	GBR	1000 Genomes on GRCh38,1000 Genomes 30x on GRCh38,1000 Genomes phase 3 release,1000 Genomes phase 1 release,Geuvadis
HG00149	male	SAME124387	GBR	British	EUR	European Ancestry	GBR	1000 Genomes on GRCh38,1000 Genomes 30x on GRCh38,1000 Genomes phase 3 release,1000 Genomes phase 1 release,Geuvadis
HG00151	male	SAME124592	GBR	British	EUR	European Ancestry	GBR	1000 Genomes on GRCh38,1000 Genomes 30x on GRCh38,1000 Genomes phase 3 release,1000 Genomes phase 1 release,Geuvadis
HG00156	male	SAME123276	GBR	British	EUR	European Ancestry	GBR	1000 Genomes on GRCh38,1000 Genomes phase 3 release,1000 Genomes phase 1 release,Geuvadis
HG00182	male	SAME123643	FIN	Finnish	EUR	European Ancestry	FIN	1000 Genomes on GRCh38,1000 Genomes 30x on GRCh38,1000 Genomes phase 3 release,1000 Genomes phase 1 release,Geuvadis
HG00187	male	SAME123646	FIN	Finnish	EUR	European Ancestry	FIN	1000 Genomes on GRCh38,1000 Genomes 30x on GRCh38,1000 Genomes phase 3 release,1000 Genomes phase 1 release,Geuvadis
HG00136	male	SAME123065	GBR	British	EUR	European Ancestry	GBR	1000 Genomes on GRCh38,1000 Genomes 30x on GRCh38,1000 Genomes phase 3 release,1000 Genomes phase 1 release,Geuvadis
HG00233	female	SAME124127	GBR	British	EUR	European Ancestry	GBR	1000 Genomes on GRCh38,1000 Genomes 30x on GRCh38,1000 Genomes phase 3 release,1000 Genomes phase 1 release,Geuvadis
HG00143	male	SAME124393	GBR	British	EUR	European Ancestry	GBR	1000 Genomes on GRCh38,1000 Genomes 30x on GRCh38,1000 Genomes phase 3 release,1000 Genomes phase 1 release,Geuvadis
HG00238	female	SAME124131	GBR	British	EUR	European Ancestry	GBR	1000 Genomes on GRCh38,1000 Genomes 30x on GRCh38,1000 Genomes phase 3 release,1000 Genomes phase 1 release,Geuvadis
HG00148	male	SAME124388	GBR	British	EUR	European Ancestry	GBR	1000 Genomes on GRCh38,1000 Genomes 30x on GRCh38,1000 Genomes phase 3 release,1000 Genomes phase 1 release,Geuvadis
HG00240	female	SAME123221	GBR	British	EUR	European Ancestry	GBR	1000 Genomes on GRCh38,1000 Genomes 30x on GRCh38,1000 Genomes phase 3 release,1000 Genomes phase 1 release,Geuvadis
HG00150	female	SAME124591	GBR	British	EUR	European Ancestry	GBR	1000 Genomes on GRCh38,1000 Genomes 30x on GRCh38,1000 Genomes phase 3 release,1000 Genomes phase 1 release,Geuvadis
HG00245	female	SAME123218	GBR	British	EUR	European Ancestry	GBR	1000 Genomes on GRCh38,1000 Genomes 30x on GRCh38,1000 Genomes phase 3 release,1000 Genomes phase 1 release,Geuvadis
HG00155	male	SAME124588	GBR	British	EUR	European Ancestry	GBR	1000 Genomes on GRCh38,1000 Genomes 30x on GRCh38,1000 Genomes phase 3 release,1000 Genomes phase 1 release,Geuvadis
HG00252	male	SAME123052	GBR	British	EUR	European Ancestry	GBR	1000 Genomes on GRCh38,1000 Genomes 30x on GRCh38,1000 Genomes phase 3 release,1000 Genomes phase 1 release,Geuvadis
HG00174	female	SAME124958	FIN	Finnish,Finnish	EUR	European Ancestry,West Eurasia (SGDP)	FIN,FinnishSGDP	1000 Genomes on GRCh38,Simons Genome Diversity Project,1000 Genomes 30x on GRCh38,1000 Genomes phase 3 release,1000 Genomes phase 1 release,Geuvadis
HG00257	female	SAME123047	GBR	British	EUR	European Ancestry	GBR	1000 Genomes on GRCh38,1000 Genomes 30x on GRCh38,1000 Genomes phase 3 release,1000 Genomes phase 1 release,Geuvadis
HG00179	female	SAME124965	FIN	Finnish	EUR	European Ancestry	FIN	1000 Genomes on GRCh38,1000 Genomes 30x on GRCh38,1000 Genomes phase 3 release,1000 Genomes phase 1 release,Geuvadis
HG00264	male	SAME123578	GBR	British	EUR	European Ancestry	GBR	1000 Genomes on GRCh38,1000 Genomes 30x on GRCh38,1000 Genomes phase 3 release,1000 Genomes phase 1 release,Geuvadis
HG00181	male	SAME123644	FIN	Finnish	EUR	European Ancestry	FIN	1000 Genomes on GRCh38,1000 Genomes 30x on GRCh38,1000 Genomes phase 3 release,1000 Genomes phase 1 release,Geuvadis
HG00269	female	SAME123575	FIN	Finnish	EUR	European Ancestry	FIN	1000 Genomes on GRCh38,1000 Genomes 30x on GRCh38,1000 Genomes phase 3 release,1000 Genomes phase 1 release,Geuvadis
HG00186	male	SAME123647	FIN	Finnish	EUR	European Ancestry	FIN	1000 Genomes on GRCh38,1000 Genomes 30x on GRCh38,1000 Genomes phase 3 release,1000 Genomes phase 1 release,Geuvadis
HG00377	female	SAME124752	FIN	Finnish	EUR	European Ancestry	FIN	1000 Genomes on GRCh38,1000 Genomes phase 3 release,1000 Genomes phase 1 release,Geuvadis
HG00232	female	SAME124128	GBR	British	EUR	European Ancestry	GBR	1000 Genomes on GRCh38,1000 Genomes 30x on GRCh38,1000 Genomes phase 3 release,1000 Genomes phase 1 release,Geuvadis
HG00384	female	SAME123034	FIN	Finnish	EUR	European Ancestry	FIN	1000 Genomes on GRCh38,1000 Genomes 30x on GRCh38,1000 Genomes phase 3 release,1000 Genomes phase 1 release,Geuvadis
HG00237	female	SAME124124	GBR	British	EUR	European Ancestry	GBR	1000 Genomes on GRCh38,1000 Genomes 30x on GRCh38,1000 Genomes phase 3 release,1000 Genomes phase 1 release,Geuvadis
HG00244	male	SAME123217	GBR	British	EUR	European Ancestry	GBR	1000 Genomes on GRCh38,1000 Genomes 30x on GRCh38,1000 Genomes phase 3 release,1000 Genomes phase 1 release,Geuvadis
HG00249	female	SAME123227	GBR	British	EUR	European Ancestry	GBR	1000 Genomes on GRCh38,1000 Genomes phase 3 release,1000 Genomes phase 1 release,Geuvadis
HG00251	male	SAME123053	GBR	British	EUR	European Ancestry	GBR	1000 Genomes on GRCh38,1000 Genomes 30x on GRCh38,1000 Genomes phase 3 release,1000 Genomes phase 1 release,Geuvadis
HG00256	male	SAME123048	GBR	British	EUR	European Ancestry	GBR	1000 Genomes on GRCh38,1000 Genomes 30x on GRCh38,1000 Genomes phase 3 release,1000 Genomes phase 1 release,Geuvadis
HG00263	female	SAME123581	GBR	British	EUR	European Ancestry	GBR	1000 Genomes on GRCh38,1000 Genomes 30x on GRCh38,1000 Genomes phase 3 release,1000 Genomes phase 1 release,Geuvadis
HG00268	female	SAME123574	FIN	Finnish	EUR	European Ancestry	FIN	1000 Genomes on GRCh38,1000 Genomes 30x on GRCh38,Human Genome Structural Variation Consortium, Phase 2,Human Genome Structural Variation Consortium, Phase 3,1000 Genomes phase 3 release,1000 Genomes phase 1 release,Geuvadis
HG00383	female	SAME123032	FIN	Finnish	EUR	European Ancestry	FIN	1000 Genomes on GRCh38,1000 Genomes 30x on GRCh38,1000 Genomes phase 3 release,1000 Genomes phase 1 release,Geuvadis
HG00101	male	SAME125153	GBR	British	EUR	European Ancestry	GBR	1000 Genomes on GRCh38,1000 Genomes 30x on GRCh38,1000 Genomes phase 3 release,1000 Genomes phase 1 release,Geuvadis
HG00106	female	SAME123948	GBR	British	EUR	European Ancestry	GBR	1000 Genomes on GRCh38,1000 Genomes 30x on GRCh38,1000 Genomes phase 3 release,1000 Genomes phase 1 release,Geuvadis
HG00118	female	SAME125347	GBR	British	EUR	European Ancestry	GBR	1000 Genomes on GRCh38,1000 Genomes 30x on GRCh38,1000 Genomes phase 3 release,1000 Genomes phase 1 release,Geuvadis
HG00120	female	SAME122874	GBR	British	EUR	European Ancestry	GBR	1000 Genomes on GRCh38,1000 Genomes 30x on GRCh38,1000 Genomes phase 3 release,1000 Genomes phase 1 release,Geuvadis
HG00125	female	SAME122869	GBR	British	EUR	European Ancestry	GBR	1000 Genomes on GRCh38,1000 Genomes 30x on GRCh38,1000 Genomes phase 3 release,1000 Genomes phase 1 release,Geuvadis
HG00275	female	SAME123421	FIN	Finnish	EUR	European Ancestry	FIN	1000 Genomes on GRCh38,1000 Genomes 30x on GRCh38,1000 Genomes phase 3 release,1000 Genomes phase 1 release,Geuvadis
HG00282	female	SAME122833	FIN	Finnish	EUR	European Ancestry	FIN	1000 Genomes on GRCh38,1000 Genomes 30x on GRCh38,1000 Genomes phase 3 release,1000 Genomes phase 1 release,Geuvadis
HG00319	female	SAME124334	FIN	Finnish	EUR	European Ancestry	FIN	1000 Genomes on GRCh38,1000 Genomes 30x on GRCh38,1000 Genomes phase 3 release,1000 Genomes phase 1 release,Geuvadis
HG00321	male	SAME123796	FIN	Finnish	EUR	European Ancestry	FIN	1000 Genomes on GRCh38,1000 Genomes 30x on GRCh38,1000 Genomes phase 3 release,1000 Genomes phase 1 release,Geuvadis
HG00326	female	SAME123792	FIN	Finnish	EUR	European Ancestry	FIN	1000 Genomes on GRCh38,1000 Genomes 30x on GRCh38,1000 Genomes phase 3 release,1000 Genomes phase 1 release,Geuvadis
HG00338	male	SAME123990	FIN	Finnish	EUR	European Ancestry	FIN	1000 Genomes on GRCh38,1000 Genomes 30x on GRCh38,1000 Genomes phase 3 release,1000 Genomes phase 1 release,Geuvadis
HG00345	male	SAME124919	FIN	Finnish	EUR	European Ancestry	FIN	1000 Genomes on GRCh38,1000 Genomes 30x on GRCh38,1000 Genomes phase 3 release,1000 Genomes phase 1 release,Geuvadis
HG00364	female	SAME124543	FIN	Finnish	EUR	European Ancestry	FIN	1000 Genomes on GRCh38,1000 Genomes 30x on GRCh38,1000 Genomes phase 3 release,1000 Genomes phase 1 release,Geuvadis
HG00369	male	SAME124534	FIN	Finnish	EUR	European Ancestry	FIN	1000 Genomes on GRCh38,1000 Genomes 30x on GRCh38,1000 Genomes phase 3 release,1000 Genomes phase 1 release,Geuvadis
HG00371	male	SAME124747	FIN	Finnish	EUR	European Ancestry	FIN	1000 Genomes on GRCh38,1000 Genomes 30x on GRCh38,1000 Genomes phase 3 release,1000 Genomes phase 1 release,Geuvadis
HG00376	female	SAME124751	FIN	Finnish	EUR	European Ancestry	FIN	1000 Genomes on GRCh38,1000 Genomes 30x on GRCh38,1000 Genomes phase 3 release,1000 Genomes phase 1 release,Geuvadis
HG00097	female	SAME123267	GBR	British	EUR	European Ancestry	GBR	1000 Genomes on GRCh38,1000 Genomes 30x on GRCh38,1000 Genomes phase 3 release,1000 Genomes phase 1 release,Geuvadis
HG00100	female	SAME125154	GBR	British	EUR	European Ancestry	GBR	1000 Genomes on GRCh38,1000 Genomes 30x on GRCh38,1000 Genomes phase 3 release,1000 Genomes phase 1 release,Geuvadis
HG00105	male	SAME123949	GBR	British	EUR	European Ancestry	GBR	1000 Genomes on GRCh38,1000 Genomes 30x on GRCh38,1000 Genomes phase 3 release,1000 Genomes phase 1 release,Geuvadis
HG00112	male	SAME125341	GBR	British	EUR	European Ancestry	GBR	1000 Genomes on GRCh38,1000 Genomes 30x on GRCh38,1000 Genomes phase 3 release,1000 Genomes phase 1 release,Geuvadis
HG00117	male	SAME125346	GBR	British	EUR	European Ancestry	GBR	1000 Genomes on GRCh38,1000 Genomes 30x on GRCh38,1000 Genomes phase 3 release,1000 Genomes phase 1 release,Geuvadis
HG00124	female	SAME122870	GBR	British	EUR	European Ancestry	GBR	1000 Genomes on GRCh38,1000 Genomes phase 3 release,1000 Genomes phase 1 release,Geuvadis
HG00129	male	SAME122867	GBR	British	EUR	European Ancestry	GBR	1000 Genomes on GRCh38,1000 Genomes 30x on GRCh38,1000 Genomes phase 3 release,1000 Genomes phase 1 release,Geuvadis
HG00131	male	SAME123064	GBR	British	EUR	European Ancestry	GBR	1000 Genomes on GRCh38,1000 Genomes 30x on GRCh38,1000 Genomes phase 3 release,1000 Genomes phase 1 release,Geuvadis
HG02215	female	SAME123904	GBR	British	EUR	European Ancestry	GBR	1000 Genomes on GRCh38,1000 Genomes 30x on GRCh38,1000 Genomes phase 3 release,Geuvadis
NA12830	female	SAME125289	CEU	CEPH	EUR	European Ancestry	CEU	1000 Genomes on GRCh38,1000 Genomes 30x on GRCh38,1000 Genomes phase 3 release,1000 Genomes phase 1 release,Geuvadis
NA12842	male	SAME123542	CEU	CEPH	EUR	European Ancestry	CEU	1000 Genomes on GRCh38,1000 Genomes 30x on GRCh38,1000 Genomes phase 3 release,1000 Genomes phase 1 release,Geuvadis
NA12873	female	SAME123388	CEU	CEPH	EUR	European Ancestry	CEU	1000 Genomes on GRCh38,1000 Genomes 30x on GRCh38,1000 Genomes phase 3 release,1000 Genomes phase 1 release,Geuvadis
NA18489	female	SAME124102	YRI	Yoruba	AFR	African Ancestry	YRI	1000 Genomes on GRCh38,1000 Genomes 30x on GRCh38,1000 Genomes phase 3 release,1000 Genomes phase 1 release,Geuvadis
NA18511	female	SAME124885	YRI	Yoruba	AFR	African Ancestry	YRI	1000 Genomes on GRCh38,1000 Genomes 30x on GRCh38,1000 Genomes phase 3 release,1000 Genomes phase 1 release,Geuvadis
NA11832	female	SAME124554	CEU	CEPH	EUR	European Ancestry	CEU	1000 Genomes on GRCh38,1000 Genomes 30x on GRCh38,1000 Genomes phase 3 release,1000 Genomes phase 1 release,Geuvadis
NA11894	female	SAME123043	CEU	CEPH	EUR	European Ancestry	CEU	1000 Genomes on GRCh38,1000 Genomes 30x on GRCh38,1000 Genomes phase 3 release,1000 Genomes phase 1 release,Geuvadis
NA11995	female	SAME123968	CEU	CEPH	EUR	European Ancestry	CEU	1000 Genomes on GRCh38,1000 Genomes 30x on GRCh38,1000 Genomes phase 3 release,1000 Genomes phase 1 release,Geuvadis
NA12006	female	SAME125145	CEU	CEPH	EUR	European Ancestry	CEU	1000 Genomes on GRCh38,1000 Genomes 30x on GRCh38,1000 Genomes phase 3 release,1000 Genomes phase 1 release,Geuvadis
NA12044	female	SAME123212	CEU	CEPH	EUR	European Ancestry	CEU	1000 Genomes on GRCh38,1000 Genomes 30x on GRCh38,1000 Genomes phase 3 release,1000 Genomes phase 1 release,Geuvadis
NA12234	female	SAME124003	CEU	CEPH	EUR	European Ancestry	CEU	1000 Genomes on GRCh38,1000 Genomes 30x on GRCh38,1000 Genomes phase 3 release,1000 Genomes phase 1 release,Geuvadis
NA12272	male	SAME123231	CEU	CEPH	EUR	European Ancestry	CEU	1000 Genomes on GRCh38,1000 Genomes 30x on GRCh38,1000 Genomes phase 3 release,1000 Genomes phase 1 release,Geuvadis
NA18508	female	SAME124318	YRI	Yoruba	AFR	African Ancestry	YRI	1000 Genomes on GRCh38,1000 Genomes 30x on GRCh38,1000 Genomes phase 3 release,1000 Genomes phase 1 release,Geuvadis
NA18510	male	SAME124886	YRI	Yoruba	AFR	African Ancestry	YRI	1000 Genomes on GRCh38,1000 Genomes 30x on GRCh38,1000 Genomes phase 3 release,1000 Genomes phase 1 release,Geuvadis
NA18908	male	SAME123560	YRI	Yoruba	AFR	African Ancestry	YRI	1000 Genomes on GRCh38,1000 Genomes 30x on GRCh38,1000 Genomes phase 3 release,1000 Genomes phase 1 release,Geuvadis
NA18910	male	SAME123402	YRI	Yoruba	AFR	African Ancestry	YRI	1000 Genomes on GRCh38,1000 Genomes 30x on GRCh38,1000 Genomes phase 3 release,1000 Genomes phase 1 release,Geuvadis
NA18934	male	SAME123036	YRI	Yoruba	AFR	African Ancestry	YRI	1000 Genomes on GRCh38,1000 Genomes 30x on GRCh38,1000 Genomes phase 3 release,1000 Genomes phase 1 release,Geuvadis
NA18933	female	SAME123037	YRI	Yoruba	AFR	African Ancestry	YRI	1000 Genomes on GRCh38,1000 Genomes 30x on GRCh38,1000 Genomes phase 3 release,1000 Genomes phase 1 release,Geuvadis
NA11829	male	SAME124761	CEU	CEPH	EUR	European Ancestry	CEU	1000 Genomes on GRCh38,1000 Genomes 30x on GRCh38,1000 Genomes phase 3 release,1000 Genomes phase 1 release,Geuvadis
NA12342	male	SAME125155	CEU	CEPH	EUR	European Ancestry	CEU	1000 Genomes on GRCh38,1000 Genomes 30x on GRCh38,1000 Genomes phase 3 release,1000 Genomes phase 1 release,Geuvadis
NA11831	male	SAME124552	CEU	CEPH	EUR	European Ancestry	CEU	1000 Genomes on GRCh38,1000 Genomes 30x on GRCh38,1000 Genomes phase 3 release,1000 Genomes phase 1 release,Geuvadis
NA12347	male	SAME125316	CEU	CEPH	EUR	European Ancestry	CEU	1000 Genomes on GRCh38,1000 Genomes 30x on GRCh38,1000 Genomes phase 3 release,1000 Genomes phase 1 release,Geuvadis
NA11843	male	SAME125140	CEU	CEPH	EUR	European Ancestry	CEU	1000 Genomes on GRCh38,1000 Genomes 30x on GRCh38,1000 Genomes phase 3 release,1000 Genomes phase 1 release,Geuvadis
NA12400	female	SAME123881	CEU	CEPH	EUR	European Ancestry	CEU	1000 Genomes on GRCh38,1000 Genomes 30x on GRCh38,1000 Genomes phase 3 release,1000 Genomes phase 1 release,Geuvadis
NA11881	male	SAME123209	CEU	CEPH	EUR	European Ancestry	CEU	1000 Genomes on GRCh38,1000 Genomes 30x on GRCh38,1000 Genomes phase 3 release,1000 Genomes phase 1 release,Geuvadis
NA11893	male	SAME123044	CEU	CEPH	EUR	European Ancestry	CEU	1000 Genomes on GRCh38,1000 Genomes 30x on GRCh38,1000 Genomes phase 3 release,1000 Genomes phase 1 release,Geuvadis
NA11918	female	SAME123135	CEU	CEPH	EUR	European Ancestry	CEU	1000 Genomes on GRCh38,1000 Genomes 30x on GRCh38,1000 Genomes phase 3 release,1000 Genomes phase 1 release,Geuvadis
NA11920	female	SAME124901	CEU	CEPH	EUR	European Ancestry	CEU	1000 Genomes on GRCh38,1000 Genomes 30x on GRCh38,1000 Genomes phase 3 release,1000 Genomes phase 1 release,Geuvadis
NA12760	male	SAME124465	CEU	CEPH	EUR	European Ancestry	CEU	1000 Genomes on GRCh38,1000 Genomes 30x on GRCh38,1000 Genomes phase 3 release,1000 Genomes phase 1 release,Geuvadis
NA12777	male	SAME125252	CEU	CEPH	EUR	European Ancestry	CEU	1000 Genomes on GRCh38,1000 Genomes 30x on GRCh38,1000 Genomes phase 3 release,1000 Genomes phase 1 release,Geuvadis
NA11994	male	SAME123967	CEU	CEPH	EUR	European Ancestry	CEU	1000 Genomes on GRCh38,1000 Genomes 30x on GRCh38,1000 Genomes phase 3 release,1000 Genomes phase 1 release,Geuvadis
NA12005	male	SAME125143	CEU	CEPH	EUR	European Ancestry	CEU	1000 Genomes on GRCh38,1000 Genomes 30x on GRCh38,1000 Genomes phase 3 release,1000 Genomes phase 1 release,Geuvadis
NA12043	male	SAME123214	CEU	CEPH	EUR	European Ancestry	CEU	1000 Genomes on GRCh38,1000 Genomes 30x on GRCh38,1000 Genomes phase 3 release,1000 Genomes phase 1 release,Geuvadis
NA06984	male	SAME124763	CEU	CEPH	EUR	European Ancestry	CEU	1000 Genomes on GRCh38,1000 Genomes 30x on GRCh38,1000 Genomes phase 3 release,1000 Genomes phase 1 release,Geuvadis
NA06989	female	SAME124760	CEU	CEPH	EUR	European Ancestry	CEU	1000 Genomes on GRCh38,1000 Genomes 30x on GRCh38,1000 Genomes phase 3 release,1000 Genomes phase 1 release,Geuvadis
NA12776	female	SAME124256	CEU	CEPH	EUR	European Ancestry	CEU	1000 Genomes on GRCh38,1000 Genomes 30x on GRCh38,1000 Genomes phase 3 release,1000 Genomes phase 1 release,Geuvadis
NA12815	female	SAME123022	CEU	CEPH	EUR	European Ancestry	CEU	1000 Genomes on GRCh38,1000 Genomes 30x on GRCh38,1000 Genomes phase 3 release,1000 Genomes phase 1 release,Geuvadis
NA12827	male	SAME125077	CEU	CEPH	EUR	European Ancestry	CEU	1000 Genomes on GRCh38,1000 Genomes 30x on GRCh38,1000 Genomes phase 3 release,1000 Genomes phase 1 release,Geuvadis
NA19108	female	SAME125378	YRI	Yoruba	AFR	African Ancestry	YRI	1000 Genomes on GRCh38,1000 Genomes 30x on GRCh38,1000 Genomes phase 3 release,1000 Genomes phase 1 release,Geuvadis
NA12872	male	SAME123387	CEU	CEPH	EUR	European Ancestry	CEU	1000 Genomes on GRCh38,1000 Genomes 30x on GRCh38,1000 Genomes phase 3 release,1000 Genomes phase 1 release,Geuvadis
NA12889	male	SAME123951	CEU	CEPH	EUR	European Ancestry	CEU	1000 Genomes on GRCh38,1000 Genomes 30x on GRCh38,Illumina Platinum pedigree,1000 Genomes phase 3 release,1000 Genomes phase 1 release,Geuvadis
NA18488	female	SAME124103	YRI	Yoruba	AFR	African Ancestry	YRI	1000 Genomes on GRCh38,1000 Genomes 30x on GRCh38,1000 Genomes phase 3 release,1000 Genomes phase 1 release,Geuvadis
NA19141	male	SAME124607	YRI	Yoruba	AFR	African Ancestry	YRI	1000 Genomes on GRCh38,1000 Genomes 30x on GRCh38,1000 Genomes phase 3 release,1000 Genomes phase 1 release,Geuvadis
NA12144	male	SAME124156	CEU	CEPH	EUR	European Ancestry	CEU	1000 Genomes on GRCh38,1000 Genomes 30x on GRCh38,1000 Genomes phase 3 release,1000 Genomes phase 1 release,Geuvadis
NA19146	male	SAME125080	YRI	Yoruba	AFR	African Ancestry	YRI	1000 Genomes on GRCh38,1000 Genomes 30x on GRCh38,1000 Genomes phase 3 release,1000 Genomes phase 1 release,Geuvadis
NA12156	female	SAME124952	CEU	CEPH	EUR	European Ancestry	CEU	1000 Genomes on GRCh38,1000 Genomes 30x on GRCh38,1000 Genomes phase 3 release,1000 Genomes phase 1 release,Geuvadis
NA19153	male	SAME123019	YRI	Yoruba	AFR	African Ancestry	YRI	1000 Genomes on GRCh38,1000 Genomes 30x on GRCh38,1000 Genomes phase 3 release,1000 Genomes phase 1 release,Geuvadis
NA19160	male	SAME123758	YRI	Yoruba	AFR	African Ancestry	YRI	1000 Genomes on GRCh38,1000 Genomes 30x on GRCh38,1000 Genomes phase 3 release,1000 Genomes phase 1 release,Geuvadis
NA12283	female	SAME124639	CEU	CEPH	EUR	European Ancestry	CEU	1000 Genomes on GRCh38,1000 Genomes 30x on GRCh38,1000 Genomes phase 3 release,1000 Genomes phase 1 release,Geuvadis
NA19172	female	SAME124420	YRI	Yoruba	AFR	African Ancestry	YRI	1000 Genomes on GRCh38,1000 Genomes 30x on GRCh38,1000 Genomes phase 3 release,1000 Genomes phase 1 release,Geuvadis
NA12341	female	SAME125158	CEU	CEPH	EUR	European Ancestry	CEU	1000 Genomes on GRCh38,1000 Genomes 30x on GRCh38,1000 Genomes phase 3 release,1000 Genomes phase 1 release,Geuvadis
NA19184	male	SAME123859	YRI	Yoruba	AFR	African Ancestry	YRI	1000 Genomes on GRCh38,1000 Genomes 30x on GRCh38,1000 Genomes phase 3 release,1000 Genomes phase 1 release,Geuvadis
NA19189	male	SAME123869	YRI	Yoruba	AFR	African Ancestry	YRI	1000 Genomes on GRCh38,1000 Genomes 30x on GRCh38,1000 Genomes phase 3 release,1000 Genomes phase 1 release,Geuvadis
NA07051	male	SAME124378	CEU	CEPH	EUR	European Ancestry	CEU	1000 Genomes on GRCh38,1000 Genomes 30x on GRCh38,1000 Genomes phase 3 release,1000 Genomes phase 1 release,Geuvadis
NA07056	female	SAME124375	CEU	CEPH	EUR	European Ancestry	CEU	1000 Genomes on GRCh38,1000 Genomes 30x on GRCh38,1000 Genomes phase 3 release,1000 Genomes phase 1 release,Geuvadis
NA07347	male	SAME123572	CEU	CEPH	EUR	European Ancestry	CEU	1000 Genomes on GRCh38,1000 Genomes 30x on GRCh38,1000 Genomes phase 3 release,1000 Genomes phase 1 release,Geuvadis
NA07037	female	SAME122862	CEU	CEPH	EUR	European Ancestry	CEU	1000 Genomes on GRCh38,1000 Genomes 30x on GRCh38,1000 Genomes phase 3 release,1000 Genomes phase 1 release,Geuvadis
NA18868	male	SAME124910	YRI	Yoruba	AFR	African Ancestry	YRI	1000 Genomes on GRCh38,1000 Genomes 30x on GRCh38,1000 Genomes phase 3 release,1000 Genomes phase 1 release,Geuvadis
NA18870	female	SAME125101	YRI	Yoruba	AFR	African Ancestry	YRI	1000 Genomes on GRCh38,1000 Genomes 30x on GRCh38,1000 Genomes phase 3 release,1000 Genomes phase 1 release,Geuvadis
NA18907	female	SAME123563	YRI	Yoruba	AFR	African Ancestry	YRI	1000 Genomes on GRCh38,1000 Genomes 30x on GRCh38,1000 Genomes phase 3 release,1000 Genomes phase 1 release,Geuvadis
NA19152	female	SAME123017	YRI	Yoruba	AFR	African Ancestry	YRI	1000 Genomes on GRCh38,1000 Genomes 30x on GRCh38,1000 Genomes phase 3 release,1000 Genomes phase 1 release,Geuvadis
NA19171	male	SAME124419	YRI	Yoruba	AFR	African Ancestry	YRI	1000 Genomes on GRCh38,1000 Genomes 30x on GRCh38,1000 Genomes phase 3 release,1000 Genomes phase 1 release,Geuvadis
NA19190	female	SAME124041	YRI	Yoruba	AFR	African Ancestry	YRI	1000 Genomes on GRCh38,1000 Genomes 30x on GRCh38,1000 Genomes phase 3 release,1000 Genomes phase 1 release,Geuvadis
NA19210	male	SAME125383	YRI	Yoruba	AFR	African Ancestry	YRI	1000 Genomes on GRCh38,1000 Genomes 30x on GRCh38,1000 Genomes phase 3 release,1000 Genomes phase 1 release,Geuvadis
NA19222	female	SAME124147	YRI	Yoruba	AFR	African Ancestry	YRI	1000 Genomes on GRCh38,1000 Genomes 30x on GRCh38,1000 Genomes phase 3 release,1000 Genomes phase 1 release,Geuvadis
NA19204	female	SAME122985	YRI	Yoruba	AFR	African Ancestry	YRI	1000 Genomes on GRCh38,1000 Genomes 30x on GRCh38,1000 Genomes phase 3 release,1000 Genomes phase 1 release,Geuvadis
NA19209	female	SAME122994	YRI	Yoruba	AFR	African Ancestry	YRI	1000 Genomes on GRCh38,1000 Genomes 30x on GRCh38,1000 Genomes phase 3 release,1000 Genomes phase 1 release,Geuvadis
NA19223	male	SAME125223	YRI	Yoruba	AFR	African Ancestry	YRI	1000 Genomes on GRCh38,1000 Genomes 30x on GRCh38,1000 Genomes phase 3 release,1000 Genomes phase 1 release,Geuvadis
NA19235	female	SAME125002	YRI	Yoruba	AFR	African Ancestry	YRI	1000 Genomes on GRCh38,1000 Genomes 30x on GRCh38,1000 Genomes phase 3 release,1000 Genomes phase 1 release,Geuvadis
NA19247	female	SAME123691	YRI	Yoruba	AFR	African Ancestry	YRI	1000 Genomes on GRCh38,1000 Genomes 30x on GRCh38,1000 Genomes phase 3 release,1000 Genomes phase 1 release,Geuvadis
NA19095	female	SAME123170	YRI	Yoruba	AFR	African Ancestry	YRI	1000 Genomes on GRCh38,1000 Genomes 30x on GRCh38,1000 Genomes phase 3 release,1000 Genomes phase 1 release,Geuvadis
NA20787	male	SAME123609	TSI	Toscani	EUR	European Ancestry	TSI	1000 Genomes on GRCh38,1000 Genomes 30x on GRCh38,1000 Genomes phase 3 release,1000 Genomes phase 1 release,Geuvadis
NA20799	female	SAME123822	TSI	Toscani	EUR	European Ancestry	TSI	1000 Genomes on GRCh38,1000 Genomes 30x on GRCh38,1000 Genomes phase 3 release,1000 Genomes phase 1 release,Geuvadis
NA20802	female	SAME125366	TSI	Toscani	EUR	European Ancestry	TSI	1000 Genomes on GRCh38,1000 Genomes 30x on GRCh38,1000 Genomes phase 3 release,1000 Genomes phase 1 release,Geuvadis
NA20807	female	SAME125363	TSI	Toscani	EUR	European Ancestry	TSI	1000 Genomes on GRCh38,1000 Genomes 30x on GRCh38,1000 Genomes phase 3 release,1000 Genomes phase 1 release,Geuvadis
NA20814	male	SAME125188	TSI	Toscani	EUR	European Ancestry	TSI	1000 Genomes on GRCh38,1000 Genomes 30x on GRCh38,1000 Genomes phase 3 release,1000 Genomes phase 1 release,Geuvadis
NA20819	female	SAME125183	TSI	Toscani	EUR	European Ancestry	TSI	1000 Genomes on GRCh38,1000 Genomes 30x on GRCh38,1000 Genomes phase 3 release,1000 Genomes phase 1 release,Geuvadis
NA20826	female	SAME123070	TSI	Toscani	EUR	European Ancestry	TSI	1000 Genomes on GRCh38,1000 Genomes 30x on GRCh38,1000 Genomes phase 3 release,1000 Genomes phase 1 release,Geuvadis
NA19099	female	SAME125240	YRI	Yoruba	AFR	African Ancestry	YRI	1000 Genomes on GRCh38,1000 Genomes 30x on GRCh38,1000 Genomes phase 3 release,1000 Genomes phase 1 release,Geuvadis
NA19102	female	SAME125112	YRI	Yoruba	AFR	African Ancestry	YRI	1000 Genomes on GRCh38,1000 Genomes 30x on GRCh38,1000 Genomes phase 3 release,1000 Genomes phase 1 release,Geuvadis
NA19107	male	SAME123393	YRI	Yoruba	AFR	African Ancestry	YRI	1000 Genomes on GRCh38,1000 Genomes 30x on GRCh38,1000 Genomes phase 3 release,1000 Genomes phase 1 release,Geuvadis
NA19114	female	SAME122953	YRI	Yoruba	AFR	African Ancestry	YRI	1000 Genomes on GRCh38,1000 Genomes 30x on GRCh38,1000 Genomes phase 3 release,1000 Genomes phase 1 release,Geuvadis
NA19119	male	SAME122944	YRI	Yoruba	AFR	African Ancestry	YRI	1000 Genomes on GRCh38,1000 Genomes 30x on GRCh38,1000 Genomes phase 3 release,1000 Genomes phase 1 release,Geuvadis
NA19121	male	SAME125015	YRI	Yoruba	AFR	African Ancestry	YRI	1000 Genomes on GRCh38,1000 Genomes 30x on GRCh38,1000 Genomes phase 3 release,1000 Genomes phase 1 release,Geuvadis
NA20504	female	SAME124360	TSI	Toscani	EUR	European Ancestry	TSI	1000 Genomes on GRCh38,1000 Genomes 30x on GRCh38,1000 Genomes phase 3 release,1000 Genomes phase 1 release,Geuvadis
NA19138	male	SAME125236	YRI	Yoruba	AFR	African Ancestry	YRI	1000 Genomes on GRCh38,1000 Genomes 30x on GRCh38,1000 Genomes phase 3 release,1000 Genomes phase 1 release,Geuvadis
NA20509	male	SAME124354	TSI	Toscani	EUR	European Ancestry	TSI	1000 Genomes on GRCh38,1000 Genomes 30x on GRCh38,Human Genome Structural Variation Consortium, Phase 2,1000 Genomes phase 3 release,1000 Genomes phase 1 release,Geuvadis
NA20516	male	SAME124556	TSI	Toscani	EUR	European Ancestry	TSI	1000 Genomes on GRCh38,1000 Genomes 30x on GRCh38,1000 Genomes phase 3 release,1000 Genomes phase 1 release,Geuvadis
NA20528	male	SAME124012	TSI	Toscani	EUR	European Ancestry	TSI	1000 Genomes on GRCh38,1000 Genomes 30x on GRCh38,1000 Genomes phase 3 release,1000 Genomes phase 1 release,Geuvadis
NA20530	female	SAME124169	TSI	Toscani	EUR	European Ancestry	TSI	1000 Genomes on GRCh38,1000 Genomes 30x on GRCh38,1000 Genomes phase 3 release,1000 Genomes phase 1 release,Geuvadis
NA20535	female	SAME124166	TSI	Toscani	EUR	European Ancestry	TSI	1000 Genomes on GRCh38,1000 Genomes 30x on GRCh38,1000 Genomes phase 3 release,1000 Genomes phase 1 release,Geuvadis
NA20542	female	SAME125150	TSI	Toscani	EUR	European Ancestry	TSI	1000 Genomes on GRCh38,1000 Genomes 30x on GRCh38,1000 Genomes phase 3 release,1000 Genomes phase 1 release,Geuvadis
NA20585	female	SAME122861	TSI	Toscani	EUR	European Ancestry	TSI	1000 Genomes on GRCh38,1000 Genomes 30x on GRCh38,1000 Genomes phase 3 release,1000 Genomes phase 1 release,Geuvadis
NA20756	female	SAME124175	TSI	Toscani	EUR	European Ancestry	TSI	1000 Genomes on GRCh38,1000 Genomes 30x on GRCh38,1000 Genomes phase 3 release,1000 Genomes phase 1 release,Geuvadis
NA20768	female	SAME124372	TSI	Toscani	EUR	European Ancestry	TSI	1000 Genomes on GRCh38,1000 Genomes 30x on GRCh38,1000 Genomes phase 3 release,1000 Genomes phase 1 release,Geuvadis
NA20770	male	SAME124576	TSI	Toscani	EUR	European Ancestry	TSI	1000 Genomes on GRCh38,1000 Genomes 30x on GRCh38,1000 Genomes phase 3 release,1000 Genomes phase 1 release,Geuvadis
NA20503	female	SAME124357	TSI	Toscani	EUR	European Ancestry	TSI	1000 Genomes on GRCh38,1000 Genomes 30x on GRCh38,1000 Genomes phase 3 release,1000 Genomes phase 1 release,Geuvadis
NA20508	female	SAME124355	TSI	Toscani	EUR	European Ancestry	TSI	1000 Genomes on GRCh38,1000 Genomes 30x on GRCh38,1000 Genomes phase 3 release,1000 Genomes phase 1 release,Geuvadis
NA20510	male	SAME124562	TSI	Toscani	EUR	European Ancestry	TSI	1000 Genomes on GRCh38,1000 Genomes 30x on GRCh38,1000 Genomes phase 3 release,1000 Genomes phase 1 release,Geuvadis
NA20515	male	SAME124559	TSI	Toscani	EUR	European Ancestry	TSI	1000 Genomes on GRCh38,1000 Genomes 30x on GRCh38,1000 Genomes phase 3 release,1000 Genomes phase 1 release,Geuvadis
NA20786	female	SAME123610	TSI	Toscani	EUR	European Ancestry	TSI	1000 Genomes on GRCh38,1000 Genomes 30x on GRCh38,1000 Genomes phase 3 release,1000 Genomes phase 1 release,Geuvadis
NA20798	male	SAME123821	TSI	Toscani	EUR	European Ancestry	TSI	1000 Genomes on GRCh38,1000 Genomes 30x on GRCh38,1000 Genomes phase 3 release,1000 Genomes phase 1 release,Geuvadis
NA20801	male	SAME125365	TSI	Toscani	EUR	European Ancestry	TSI	1000 Genomes on GRCh38,1000 Genomes 30x on GRCh38,1000 Genomes phase 3 release,1000 Genomes phase 1 release,Geuvadis
NA20806	male	SAME125362	TSI	Toscani	EUR	European Ancestry	TSI	1000 Genomes on GRCh38,1000 Genomes 30x on GRCh38,1000 Genomes phase 3 release,1000 Genomes phase 1 release,Geuvadis
NA20813	female	SAME125189	TSI	Toscani	EUR	European Ancestry	TSI	1000 Genomes on GRCh38,1000 Genomes 30x on GRCh38,1000 Genomes phase 3 release,1000 Genomes phase 1 release,Geuvadis
NA20527	male	SAME124013	TSI	Toscani	EUR	European Ancestry	TSI	1000 Genomes on GRCh38,1000 Genomes 30x on GRCh38,1000 Genomes phase 3 release,1000 Genomes phase 1 release,Geuvadis
NA20534	male	SAME124165	TSI	Toscani	EUR	European Ancestry	TSI	1000 Genomes on GRCh38,1000 Genomes 30x on GRCh38,1000 Genomes phase 3 release,1000 Genomes phase 1 release,Geuvadis
NA20539	male	SAME124164	TSI	Toscani	EUR	European Ancestry	TSI	1000 Genomes on GRCh38,1000 Genomes 30x on GRCh38,1000 Genomes phase 3 release,1000 Genomes phase 1 release,Geuvadis
NA20541	female	SAME125147	TSI	Toscani	EUR	European Ancestry	TSI	1000 Genomes on GRCh38,1000 Genomes 30x on GRCh38,1000 Genomes phase 3 release,1000 Genomes phase 1 release,Geuvadis
NA20589	female	SAME122865	TSI	Toscani	EUR	European Ancestry	TSI	1000 Genomes on GRCh38,1000 Genomes 30x on GRCh38,1000 Genomes phase 3 release,1000 Genomes phase 1 release,Geuvadis
NA20774	female	SAME124572	TSI	Toscani	EUR	European Ancestry	TSI	1000 Genomes on GRCh38,1000 Genomes 30x on GRCh38,1000 Genomes phase 3 release,1000 Genomes phase 1 release,Geuvadis
HG00135	female	SAME123068	GBR	British	EUR	European Ancestry	GBR	1000 Genomes on GRCh38,1000 Genomes phase 3 release,1000 Genomes phase 1 release,Geuvadis
HG00142	male	SAME124818	GBR	British	EUR	European Ancestry	GBR	1000 Genomes on GRCh38,1000 Genomes 30x on GRCh38,1000 Genomes phase 3 release,1000 Genomes phase 1 release,Geuvadis
HG00138	male	SAME123059	GBR	British	EUR	European Ancestry	GBR	1000 Genomes on GRCh38,1000 Genomes 30x on GRCh38,1000 Genomes phase 3 release,1000 Genomes phase 1 release,Geuvadis
HG00154	female	SAME124587	GBR	British	EUR	European Ancestry	GBR	1000 Genomes on GRCh38,1000 Genomes 30x on GRCh38,1000 Genomes phase 3 release,1000 Genomes phase 1 release,Geuvadis
HG00159	male	SAME124586	GBR	British	EUR	European Ancestry	GBR	1000 Genomes on GRCh38,1000 Genomes 30x on GRCh38,1000 Genomes phase 3 release,1000 Genomes phase 1 release,Geuvadis
HG00145	male	SAME124391	GBR	British	EUR	European Ancestry	GBR	1000 Genomes on GRCh38,1000 Genomes 30x on GRCh38,1000 Genomes phase 3 release,1000 Genomes phase 1 release,Geuvadis
HG00173	female	SAME124960	FIN	Finnish	EUR	European Ancestry	FIN	1000 Genomes on GRCh38,1000 Genomes 30x on GRCh38,1000 Genomes phase 3 release,1000 Genomes phase 1 release,Geuvadis
HG00152	male	SAME124593	GBR	British	EUR	European Ancestry	GBR	1000 Genomes on GRCh38,1000 Genomes phase 3 release,1000 Genomes phase 1 release,Geuvadis
HG00178	female	SAME124964	FIN	Finnish	EUR	European Ancestry	FIN	1000 Genomes on GRCh38,1000 Genomes 30x on GRCh38,1000 Genomes phase 3 release,1000 Genomes phase 1 release,Geuvadis
HG00157	male	SAME124590	GBR	British	EUR	European Ancestry	GBR	1000 Genomes on GRCh38,1000 Genomes 30x on GRCh38,1000 Genomes phase 3 release,1000 Genomes phase 1 release,Geuvadis
HG00180	female	SAME123645	FIN	Finnish	EUR	European Ancestry	FIN	1000 Genomes on GRCh38,1000 Genomes 30x on GRCh38,1000 Genomes phase 3 release,1000 Genomes phase 1 release,Geuvadis
HG00171	female	SAME124961	FIN	Finnish	EUR	European Ancestry	FIN	1000 Genomes on GRCh38,1000 Genomes 30x on GRCh38,Human Genome Structural Variation Consortium, Phase 2,1000 Genomes phase 3 release,1000 Genomes phase 1 release,Geuvadis
HG00185	male	SAME123648	FIN	Finnish	EUR	European Ancestry	FIN	1000 Genomes on GRCh38,1000 Genomes 30x on GRCh38,1000 Genomes phase 3 release,1000 Genomes phase 1 release,Geuvadis
HG00176	female	SAME124956	FIN	Finnish	EUR	European Ancestry	FIN	1000 Genomes on GRCh38,1000 Genomes 30x on GRCh38,1000 Genomes phase 3 release,1000 Genomes phase 1 release,Geuvadis
HG00231	female	SAME124126	GBR	British	EUR	European Ancestry	GBR	1000 Genomes on GRCh38,1000 Genomes 30x on GRCh38,1000 Genomes phase 3 release,1000 Genomes phase 1 release,Geuvadis
HG00183	male	SAME123642	FIN	Finnish	EUR	European Ancestry	FIN	1000 Genomes on GRCh38,1000 Genomes 30x on GRCh38,1000 Genomes phase 3 release,1000 Genomes phase 1 release,Geuvadis
HG00236	female	SAME123273	GBR	British	EUR	European Ancestry	GBR	1000 Genomes on GRCh38,1000 Genomes 30x on GRCh38,1000 Genomes phase 3 release,1000 Genomes phase 1 release,Geuvadis
HG00188	male	SAME123641	FIN	Finnish	EUR	European Ancestry	FIN	1000 Genomes on GRCh38,1000 Genomes 30x on GRCh38,1000 Genomes phase 3 release,1000 Genomes phase 1 release,Geuvadis
HG00243	male	SAME123224	GBR	British	EUR	European Ancestry	GBR	1000 Genomes on GRCh38,1000 Genomes 30x on GRCh38,1000 Genomes phase 3 release,1000 Genomes phase 1 release,Geuvadis
HG00234	male	SAME124123	GBR	British	EUR	European Ancestry	GBR	1000 Genomes on GRCh38,1000 Genomes 30x on GRCh38,1000 Genomes phase 3 release,1000 Genomes phase 1 release,Geuvadis
HG00250	female	SAME123054	GBR	British	EUR	European Ancestry	GBR	1000 Genomes on GRCh38,1000 Genomes 30x on GRCh38,1000 Genomes phase 3 release,1000 Genomes phase 1 release,Geuvadis
HG00239	female	SAME124130	GBR	British	EUR	European Ancestry	GBR	1000 Genomes on GRCh38,1000 Genomes 30x on GRCh38,1000 Genomes phase 3 release,1000 Genomes phase 1 release,Geuvadis
HG00255	female	SAME123049	GBR	British	EUR	European Ancestry	GBR	1000 Genomes on GRCh38,1000 Genomes 30x on GRCh38,1000 Genomes phase 3 release,1000 Genomes phase 1 release,Geuvadis
HG00246	male	SAME123219	GBR	British	EUR	European Ancestry	GBR	1000 Genomes on GRCh38,1000 Genomes 30x on GRCh38,1000 Genomes phase 3 release,1000 Genomes phase 1 release,Geuvadis
HG00262	female	SAME123580	GBR	British	EUR	European Ancestry	GBR	1000 Genomes on GRCh38,1000 Genomes 30x on GRCh38,1000 Genomes phase 3 release,1000 Genomes phase 1 release,Geuvadis
HG00253	female	SAME123051	GBR	British	EUR	European Ancestry	GBR	1000 Genomes on GRCh38,1000 Genomes 30x on GRCh38,1000 Genomes phase 3 release,1000 Genomes phase 1 release,Geuvadis
HG00267	male	SAME123577	FIN	Finnish	EUR	European Ancestry	FIN	1000 Genomes on GRCh38,1000 Genomes 30x on GRCh38,1000 Genomes phase 3 release,1000 Genomes phase 1 release,Geuvadis
HG00258	female	SAME123057	GBR	British	EUR	European Ancestry	GBR	1000 Genomes on GRCh38,1000 Genomes 30x on GRCh38,1000 Genomes phase 3 release,1000 Genomes phase 1 release,Geuvadis
HG00274	female	SAME123422	FIN	Finnish	EUR	European Ancestry	FIN	1000 Genomes on GRCh38,1000 Genomes 30x on GRCh38,1000 Genomes phase 3 release,1000 Genomes phase 1 release,Geuvadis
HG00260	male	SAME123582	GBR	British	EUR	European Ancestry	GBR	1000 Genomes on GRCh38,1000 Genomes 30x on GRCh38,1000 Genomes phase 3 release,1000 Genomes phase 1 release,Geuvadis
HG00281	female	SAME122832	FIN	Finnish	EUR	European Ancestry	FIN	1000 Genomes on GRCh38,1000 Genomes 30x on GRCh38,1000 Genomes phase 3 release,1000 Genomes phase 1 release,Geuvadis
HG00265	male	SAME123579	GBR	British	EUR	European Ancestry	GBR	1000 Genomes on GRCh38,1000 Genomes 30x on GRCh38,1000 Genomes phase 3 release,1000 Genomes phase 1 release,Geuvadis
HG00306	female	SAME124159	FIN	Finnish	EUR	European Ancestry	FIN	1000 Genomes on GRCh38,1000 Genomes 30x on GRCh38,1000 Genomes phase 3 release,1000 Genomes phase 1 release,Geuvadis
HG00272	female	SAME123420	FIN	Finnish	EUR	European Ancestry	FIN	1000 Genomes on GRCh38,1000 Genomes 30x on GRCh38,1000 Genomes phase 3 release,1000 Genomes phase 1 release,Geuvadis
HG00313	female	SAME124337	FIN	Finnish	EUR	European Ancestry	FIN	1000 Genomes on GRCh38,1000 Genomes 30x on GRCh38,1000 Genomes phase 3 release,1000 Genomes phase 1 release,Geuvadis
HG00277	male	SAME123423	FIN	Finnish	EUR	European Ancestry	FIN	1000 Genomes on GRCh38,1000 Genomes 30x on GRCh38,1000 Genomes phase 3 release,1000 Genomes phase 1 release,Geuvadis
HG00320	female	SAME123797	FIN	Finnish	EUR	European Ancestry	FIN	1000 Genomes on GRCh38,1000 Genomes 30x on GRCh38,1000 Genomes phase 3 release,1000 Genomes phase 1 release,Geuvadis
HG00325	male	SAME123793	FIN	Finnish	EUR	European Ancestry	FIN	1000 Genomes on GRCh38,1000 Genomes 30x on GRCh38,1000 Genomes phase 3 release,1000 Genomes phase 1 release,Geuvadis
HG00332	female	SAME123987	FIN	Finnish	EUR	European Ancestry	FIN	1000 Genomes on GRCh38,1000 Genomes 30x on GRCh38,1000 Genomes phase 3 release,1000 Genomes phase 1 release,Geuvadis
HG00337	female	SAME123984	FIN	Finnish	EUR	European Ancestry	FIN	1000 Genomes on GRCh38,1000 Genomes 30x on GRCh38,1000 Genomes phase 3 release,1000 Genomes phase 1 release,Geuvadis
HG00344	female	SAME125255	FIN	Finnish	EUR	European Ancestry	FIN	1000 Genomes on GRCh38,1000 Genomes 30x on GRCh38,1000 Genomes phase 3 release,1000 Genomes phase 1 release,Geuvadis
HG00349	female	SAME124925	FIN	Finnish	EUR	European Ancestry	FIN	1000 Genomes on GRCh38,1000 Genomes 30x on GRCh38,1000 Genomes phase 3 release,1000 Genomes phase 1 release,Geuvadis
HG00351	male	SAME125122	FIN	Finnish	EUR	European Ancestry	FIN	1000 Genomes on GRCh38,1000 Genomes 30x on GRCh38,1000 Genomes phase 3 release,1000 Genomes phase 1 release,Geuvadis
HG00356	female	SAME125123	FIN	Finnish	EUR	European Ancestry	FIN	1000 Genomes on GRCh38,1000 Genomes 30x on GRCh38,1000 Genomes phase 3 release,1000 Genomes phase 1 release,Geuvadis
HG00378	female	SAME124745	FIN	Finnish	EUR	European Ancestry	FIN	1000 Genomes on GRCh38,1000 Genomes 30x on GRCh38,1000 Genomes phase 3 release,1000 Genomes phase 1 release,Geuvadis
HG00375	male	SAME124750	FIN	Finnish	EUR	European Ancestry	FIN	1000 Genomes on GRCh38,1000 Genomes 30x on GRCh38,1000 Genomes phase 3 release,1000 Genomes phase 1 release,Geuvadis
HG00380	female	SAME123031	FIN	Finnish	EUR	European Ancestry	FIN	1000 Genomes on GRCh38,1000 Genomes 30x on GRCh38,1000 Genomes phase 3 release,1000 Genomes phase 1 release,Geuvadis
HG00096	male	SAME123268	GBR	British	EUR	European Ancestry	GBR	1000 Genomes on GRCh38,1000 Genomes 30x on GRCh38,Human Genome Structural Variation Consortium, Phase 2,1000 Genomes phase 3 release,1000 Genomes phase 1 release,Geuvadis
HG00104	female	SAME123950	GBR	British	EUR	European Ancestry	GBR	1000 Genomes on GRCh38,1000 Genomes phase 3 release,1000 Genomes phase 1 release,Geuvadis
HG00109	male	SAME125160	GBR	British	EUR	European Ancestry	GBR	1000 Genomes on GRCh38,1000 Genomes 30x on GRCh38,1000 Genomes phase 3 release,1000 Genomes phase 1 release,Geuvadis
HG00111	female	SAME125340	GBR	British	EUR	European Ancestry	GBR	1000 Genomes on GRCh38,1000 Genomes 30x on GRCh38,1000 Genomes phase 3 release,1000 Genomes phase 1 release,Geuvadis
HG00116	male	SAME125345	GBR	British	EUR	European Ancestry	GBR	1000 Genomes on GRCh38,1000 Genomes 30x on GRCh38,1000 Genomes phase 3 release,1000 Genomes phase 1 release,Geuvadis
HG00123	female	SAME122875	GBR	British	EUR	European Ancestry	GBR	1000 Genomes on GRCh38,1000 Genomes 30x on GRCh38,1000 Genomes phase 3 release,1000 Genomes phase 1 release,Geuvadis
HG00128	female	SAME122868	GBR	British,English	EUR	European Ancestry,West Eurasia (SGDP)	GBR,EnglishSGDP	1000 Genomes on GRCh38,Simons Genome Diversity Project,1000 Genomes 30x on GRCh38,1000 Genomes phase 3 release,1000 Genomes phase 1 release,Geuvadis
HG00130	female	SAME123063	GBR	British	EUR	European Ancestry	GBR	1000 Genomes on GRCh38,1000 Genomes 30x on GRCh38,1000 Genomes phase 3 release,1000 Genomes phase 1 release,Geuvadis
HG00284	male	SAME122835	FIN	Finnish	EUR	European Ancestry	FIN	1000 Genomes on GRCh38,1000 Genomes 30x on GRCh38,1000 Genomes phase 3 release,1000 Genomes phase 1 release,Geuvadis
HG00309	female	SAME124160	FIN	Finnish	EUR	European Ancestry	FIN	1000 Genomes on GRCh38,1000 Genomes 30x on GRCh38,1000 Genomes phase 3 release,1000 Genomes phase 1 release,Geuvadis
HG00311	male	SAME124339	FIN	Finnish	EUR	European Ancestry	FIN	1000 Genomes on GRCh38,1000 Genomes 30x on GRCh38,1000 Genomes phase 3 release,1000 Genomes phase 1 release,Geuvadis
HG00323	female	SAME123795	FIN	Finnish	EUR	European Ancestry	FIN	1000 Genomes on GRCh38,1000 Genomes 30x on GRCh38,1000 Genomes phase 3 release,1000 Genomes phase 1 release,Geuvadis
HG00328	female	SAME123799	FIN	Finnish	EUR	European Ancestry	FIN	1000 Genomes on GRCh38,1000 Genomes 30x on GRCh38,1000 Genomes phase 3 release,1000 Genomes phase 1 release,Geuvadis
HG00330	female	SAME123985	FIN	Finnish	EUR	European Ancestry	FIN	1000 Genomes on GRCh38,1000 Genomes 30x on GRCh38,1000 Genomes phase 3 release,1000 Genomes phase 1 release,Geuvadis
HG00335	male	SAME123982	FIN	Finnish	EUR	European Ancestry	FIN	1000 Genomes on GRCh38,1000 Genomes 30x on GRCh38,1000 Genomes phase 3 release,1000 Genomes phase 1 release,Geuvadis
HG00342	male	SAME124924	FIN	Finnish	EUR	European Ancestry	FIN	1000 Genomes on GRCh38,1000 Genomes 30x on GRCh38,1000 Genomes phase 3 release,1000 Genomes phase 1 release,Geuvadis
HG00359	female	SAME125127	FIN	Finnish	EUR	European Ancestry	FIN	1000 Genomes on GRCh38,1000 Genomes phase 3 release,1000 Genomes phase 1 release,Geuvadis
HG00361	female	SAME124538	FIN	Finnish	EUR	European Ancestry	FIN	1000 Genomes on GRCh38,1000 Genomes 30x on GRCh38,1000 Genomes phase 3 release,1000 Genomes phase 1 release,Geuvadis
HG00366	male	SAME124541	FIN	Finnish	EUR	European Ancestry	FIN	1000 Genomes on GRCh38,1000 Genomes 30x on GRCh38,1000 Genomes phase 3 release,1000 Genomes phase 1 release,Geuvadis
HG00373	female	SAME124749	FIN	Finnish	EUR	European Ancestry	FIN	1000 Genomes on GRCh38,1000 Genomes 30x on GRCh38,1000 Genomes phase 3 release,1000 Genomes phase 1 release,Geuvadis
HG00382	male	SAME123033	FIN	Finnish	EUR	European Ancestry	FIN	1000 Genomes on GRCh38,1000 Genomes 30x on GRCh38,1000 Genomes phase 3 release,1000 Genomes phase 1 release,Geuvadis
HG00099	female	SAME123271	GBR	British	EUR	European Ancestry	GBR	1000 Genomes on GRCh38,1000 Genomes 30x on GRCh38,1000 Genomes phase 3 release,1000 Genomes phase 1 release,Geuvadis
HG00102	female	SAME123945	GBR	British	EUR	European Ancestry	GBR	1000 Genomes on GRCh38,1000 Genomes 30x on GRCh38,1000 Genomes phase 3 release,1000 Genomes phase 1 release,Geuvadis
HG00107	male	SAME123947	GBR	British	EUR	European Ancestry	GBR	1000 Genomes on GRCh38,1000 Genomes 30x on GRCh38,1000 Genomes phase 3 release,1000 Genomes phase 1 release,Geuvadis
HG00114	male	SAME125343	GBR	British	EUR	European Ancestry	GBR	1000 Genomes on GRCh38,1000 Genomes 30x on GRCh38,1000 Genomes phase 3 release,1000 Genomes phase 1 release,Geuvadis
HG00119	male	SAME125348	GBR	British	EUR	European Ancestry	GBR	1000 Genomes on GRCh38,1000 Genomes 30x on GRCh38,1000 Genomes phase 3 release,1000 Genomes phase 1 release,Geuvadis
HG00121	female	SAME122873	GBR	British	EUR	European Ancestry	GBR	1000 Genomes on GRCh38,1000 Genomes 30x on GRCh38,1000 Genomes phase 3 release,1000 Genomes phase 1 release,Geuvadis
HG00126	male	SAME122872	GBR	British,English	EUR	European Ancestry,West Eurasia (SGDP)	GBR,EnglishSGDP	1000 Genomes on GRCh38,Simons Genome Diversity Project,1000 Genomes 30x on GRCh38,1000 Genomes phase 3 release,1000 Genomes phase 1 release,Geuvadis
HG00133	female	SAME123062	GBR	British	EUR	European Ancestry	GBR	1000 Genomes on GRCh38,1000 Genomes 30x on GRCh38,1000 Genomes phase 3 release,1000 Genomes phase 1 release,Geuvadis
HG01789	male	SAME124433	GBR	British	EUR	European Ancestry	GBR	1000 Genomes on GRCh38,1000 Genomes 30x on GRCh38,1000 Genomes phase 3 release,Geuvadis
HG00134	female	SAME123067	GBR	British	EUR	European Ancestry	GBR	1000 Genomes on GRCh38,1000 Genomes phase 3 release,1000 Genomes phase 1 release,Geuvadis
HG01791	male	SAME124221	GBR	British	EUR	European Ancestry	GBR	1000 Genomes on GRCh38,1000 Genomes 30x on GRCh38,1000 Genomes phase 3 release,Geuvadis
HG00139	male	SAME123060	GBR	British	EUR	European Ancestry	GBR	1000 Genomes on GRCh38,1000 Genomes 30x on GRCh38,1000 Genomes phase 3 release,1000 Genomes phase 1 release,Geuvadis
HG00141	male	SAME124395	GBR	British	EUR	European Ancestry	GBR	1000 Genomes on GRCh38,1000 Genomes 30x on GRCh38,1000 Genomes phase 3 release,1000 Genomes phase 1 release,Geuvadis
HG00146	female	SAME124390	GBR	British	EUR	European Ancestry	GBR	1000 Genomes on GRCh38,1000 Genomes 30x on GRCh38,1000 Genomes phase 3 release,1000 Genomes phase 1 release,Geuvadis
HG00158	female	SAME124585	GBR	British	EUR	European Ancestry	GBR	1000 Genomes on GRCh38,1000 Genomes 30x on GRCh38,1000 Genomes phase 3 release,1000 Genomes phase 1 release,Geuvadis
HG00160	male	SAME124780	GBR	British	EUR	European Ancestry	GBR	1000 Genomes on GRCh38,1000 Genomes 30x on GRCh38,1000 Genomes phase 3 release,1000 Genomes phase 1 release,Geuvadis
HG00177	female	SAME124957	FIN	Finnish	EUR	European Ancestry	FIN	1000 Genomes on GRCh38,1000 Genomes 30x on GRCh38,1000 Genomes phase 3 release,1000 Genomes phase 1 release,Geuvadis
HG00189	male	SAME123640	FIN	Finnish	EUR	European Ancestry	FIN	1000 Genomes on GRCh38,1000 Genomes 30x on GRCh38,1000 Genomes phase 3 release,1000 Genomes phase 1 release,Geuvadis
HG00235	female	SAME124122	GBR	British	EUR	European Ancestry	GBR	1000 Genomes on GRCh38,1000 Genomes 30x on GRCh38,1000 Genomes phase 3 release,1000 Genomes phase 1 release,Geuvadis
HG00242	male	SAME123223	GBR	British	EUR	European Ancestry	GBR	1000 Genomes on GRCh38,1000 Genomes 30x on GRCh38,1000 Genomes phase 3 release,1000 Genomes phase 1 release,Geuvadis
HG00247	female	SAME123220	GBR	British	EUR	European Ancestry	GBR	1000 Genomes on GRCh38,1000 Genomes phase 3 release,1000 Genomes phase 1 release,Geuvadis
HG00259	female	SAME123056	GBR	British	EUR	European Ancestry	GBR	1000 Genomes on GRCh38,1000 Genomes 30x on GRCh38,1000 Genomes phase 3 release,1000 Genomes phase 1 release,Geuvadis
HG00261	female	SAME123583	GBR	British	EUR	European Ancestry	GBR	1000 Genomes on GRCh38,1000 Genomes 30x on GRCh38,1000 Genomes phase 3 release,1000 Genomes phase 1 release,Geuvadis
HG00266	female	SAME123576	FIN	Finnish	EUR	European Ancestry	FIN	1000 Genomes on GRCh38,1000 Genomes 30x on GRCh38,1000 Genomes phase 3 release,1000 Genomes phase 1 release,Geuvadis
HG00273	male	SAME123419	FIN	Finnish	EUR	European Ancestry	FIN	1000 Genomes on GRCh38,1000 Genomes 30x on GRCh38,1000 Genomes phase 3 release,1000 Genomes phase 1 release,Geuvadis
HG00278	male	SAME123425	FIN	Finnish	EUR	European Ancestry	FIN	1000 Genomes on GRCh38,1000 Genomes 30x on GRCh38,1000 Genomes phase 3 release,1000 Genomes phase 1 release,Geuvadis
HG00379	female	SAME124746	FIN	Finnish	EUR	European Ancestry	FIN	1000 Genomes on GRCh38,1000 Genomes 30x on GRCh38,1000 Genomes phase 3 release,1000 Genomes phase 1 release,Geuvadis
HG00381	female	SAME123030	FIN	Finnish	EUR	European Ancestry	FIN	1000 Genomes on GRCh38,1000 Genomes 30x on GRCh38,1000 Genomes phase 3 release,1000 Genomes phase 1 release,Geuvadis
HG00280	male	SAME122831	FIN	Finnish	EUR	European Ancestry	FIN	1000 Genomes on GRCh38,1000 Genomes 30x on GRCh38,1000 Genomes phase 3 release,1000 Genomes phase 1 release,Geuvadis
HG00285	female	SAME122836	FIN	Finnish	EUR	European Ancestry	FIN	1000 Genomes on GRCh38,1000 Genomes 30x on GRCh38,1000 Genomes phase 3 release,1000 Genomes phase 1 release,Geuvadis
HG00312	male	SAME124336	FIN	Finnish	EUR	European Ancestry	FIN	1000 Genomes on GRCh38,1000 Genomes phase 3 release,1000 Genomes phase 1 release,Geuvadis
HG00324	female	SAME123794	FIN	Finnish	EUR	European Ancestry	FIN	1000 Genomes on GRCh38,1000 Genomes 30x on GRCh38,1000 Genomes phase 3 release,1000 Genomes phase 1 release,Geuvadis
HG00329	male	SAME123798	FIN	Finnish	EUR	European Ancestry	FIN	1000 Genomes on GRCh38,1000 Genomes 30x on GRCh38,1000 Genomes phase 3 release,1000 Genomes phase 1 release,Geuvadis
HG00331	female	SAME123986	FIN	Finnish	EUR	European Ancestry	FIN	1000 Genomes on GRCh38,1000 Genomes 30x on GRCh38,1000 Genomes phase 3 release,1000 Genomes phase 1 release,Geuvadis
HG00336	male	SAME123983	FIN	Finnish	EUR	European Ancestry	FIN	1000 Genomes on GRCh38,1000 Genomes 30x on GRCh38,1000 Genomes phase 3 release,1000 Genomes phase 1 release,Geuvadis
HG00343	female	SAME124923	FIN	Finnish	EUR	European Ancestry	FIN	1000 Genomes on GRCh38,1000 Genomes 30x on GRCh38,1000 Genomes phase 3 release,1000 Genomes phase 1 release,Geuvadis
HG00350	female	SAME125121	FIN	Finnish	EUR	European Ancestry	FIN	1000 Genomes on GRCh38,1000 Genomes 30x on GRCh38,1000 Genomes phase 3 release,1000 Genomes phase 1 release,Geuvadis
HG00355	female	SAME125125	FIN	Finnish	EUR	European Ancestry	FIN	1000 Genomes on GRCh38,1000 Genomes 30x on GRCh38,1000 Genomes phase 3 release,1000 Genomes phase 1 release,Geuvadis
HG00362	female	SAME124537	FIN	Finnish	EUR	European Ancestry	FIN	1000 Genomes on GRCh38,1000 Genomes 30x on GRCh38,1000 Genomes phase 3 release,1000 Genomes phase 1 release,Geuvadis
HG00367	female	SAME124540	FIN	Finnish	EUR	European Ancestry	FIN	1000 Genomes on GRCh38,1000 Genomes 30x on GRCh38,1000 Genomes phase 3 release,1000 Genomes phase 1 release,Geuvadis
HG00103	male	SAME125151	GBR	British	EUR	European Ancestry	GBR	1000 Genomes on GRCh38,1000 Genomes 30x on GRCh38,1000 Genomes phase 3 release,1000 Genomes phase 1 release,Geuvadis
HG00108	male	SAME125161	GBR	British	EUR	European Ancestry	GBR	1000 Genomes on GRCh38,1000 Genomes 30x on GRCh38,1000 Genomes phase 3 release,1000 Genomes phase 1 release,Geuvadis
HG00110	female	SAME125339	GBR	British	EUR	European Ancestry	GBR	1000 Genomes on GRCh38,1000 Genomes 30x on GRCh38,1000 Genomes phase 3 release,1000 Genomes phase 1 release,Geuvadis
HG00115	male	SAME125344	GBR	British	EUR	European Ancestry	GBR	1000 Genomes on GRCh38,1000 Genomes 30x on GRCh38,1000 Genomes phase 3 release,1000 Genomes phase 1 release,Geuvadis
HG00122	female	SAME122876	GBR	British	EUR	European Ancestry	GBR	1000 Genomes on GRCh38,1000 Genomes 30x on GRCh38,1000 Genomes phase 3 release,1000 Genomes phase 1 release,Geuvadis
HG00127	female	SAME122871	GBR	British	EUR	European Ancestry	GBR	1000 Genomes on GRCh38,1000 Genomes 30x on GRCh38,1000 Genomes phase 3 release,1000 Genomes phase 1 release,Geuvadis
HG01334	male	SAME123533	GBR	British	EUR	European Ancestry	GBR	1000 Genomes on GRCh38,1000 Genomes 30x on GRCh38,1000 Genomes phase 3 release,1000 Genomes phase 1 release,Geuvadis
HG01790	female	SAME124222	GBR	British	EUR	European Ancestry	GBR	1000 Genomes on GRCh38,1000 Genomes 30x on GRCh38,1000 Genomes phase 3 release,Geuvadis
NA18858	female	SAME124730	YRI	Yoruba	AFR	African Ancestry	YRI	1000 Genomes on GRCh38,1000 Genomes 30x on GRCh38,1000 Genomes phase 3 release,1000 Genomes phase 1 release,Geuvadis
NA12778	female	SAME124249	CEU	CEPH	EUR	European Ancestry	CEU	1000 Genomes on GRCh38,1000 Genomes 30x on GRCh38,1000 Genomes phase 3 release,1000 Genomes phase 1 release,Geuvadis
NA12812	male	SAME123023	CEU	CEPH	EUR	European Ancestry	CEU	1000 Genomes on GRCh38,1000 Genomes 30x on GRCh38,1000 Genomes phase 3 release,1000 Genomes phase 1 release,Geuvadis
NA12829	male	SAME125075	CEU	CEPH	EUR	European Ancestry	CEU	1000 Genomes on GRCh38,1000 Genomes 30x on GRCh38,1000 Genomes phase 3 release,1000 Genomes phase 1 release,Geuvadis
NA12843	female	SAME123541	CEU	CEPH	EUR	European Ancestry	CEU	1000 Genomes on GRCh38,1000 Genomes 30x on GRCh38,1000 Genomes phase 3 release,1000 Genomes phase 1 release,Geuvadis
NA12874	male	SAME123389	CEU	CEPH	EUR	European Ancestry	CEU	1000 Genomes on GRCh38,1000 Genomes 30x on GRCh38,1000 Genomes phase 3 release,1000 Genomes phase 1 release,Geuvadis
NA18505	female	SAME125062	YRI	Yoruba	AFR	African Ancestry	YRI	1000 Genomes on GRCh38,1000 Genomes 30x on GRCh38,1000 Genomes phase 3 release,1000 Genomes phase 1 release,Geuvadis
NA18517	female	SAME124883	YRI	Yoruba	AFR	African Ancestry	YRI	1000 Genomes on GRCh38,1000 Genomes 30x on GRCh38,1000 Genomes phase 3 release,1000 Genomes phase 1 release,Geuvadis
NA12273	female	SAME123256	CEU	CEPH	EUR	European Ancestry	CEU	1000 Genomes on GRCh38,1000 Genomes 30x on GRCh38,1000 Genomes phase 3 release,1000 Genomes phase 1 release,Geuvadis
NA12348	female	SAME125163	CEU	CEPH	EUR	European Ancestry	CEU	1000 Genomes on GRCh38,1000 Genomes 30x on GRCh38,1000 Genomes phase 3 release,1000 Genomes phase 1 release,Geuvadis
NA12413	male	SAME124055	CEU	CEPH	EUR	European Ancestry	CEU	1000 Genomes on GRCh38,1000 Genomes 30x on GRCh38,1000 Genomes phase 3 release,1000 Genomes phase 1 release,Geuvadis
NA12716	male	SAME123912	CEU	CEPH	EUR	European Ancestry	CEU	1000 Genomes on GRCh38,1000 Genomes 30x on GRCh38,1000 Genomes phase 3 release,1000 Genomes phase 1 release,Geuvadis
NA12761	female	SAME124466	CEU	CEPH	EUR	European Ancestry	CEU	1000 Genomes on GRCh38,1000 Genomes 30x on GRCh38,1000 Genomes phase 3 release,1000 Genomes phase 1 release,Geuvadis
NA18909	female	SAME123561	YRI	Yoruba	AFR	African Ancestry	YRI	1000 Genomes on GRCh38,1000 Genomes 30x on GRCh38,1000 Genomes phase 3 release,1000 Genomes phase 1 release,Geuvadis
NA18916	female	SAME123408	YRI	Yoruba	AFR	African Ancestry	YRI	1000 Genomes on GRCh38,1000 Genomes 30x on GRCh38,1000 Genomes phase 3 release,1000 Genomes phase 1 release,Geuvadis
NA18923	male	SAME123205	YRI	Yoruba	AFR	African Ancestry	YRI	1000 Genomes on GRCh38,1000 Genomes 30x on GRCh38,1000 Genomes phase 3 release,1000 Genomes phase 1 release,Geuvadis
NA11830	female	SAME124553	CEU	CEPH	EUR	European Ancestry	CEU	1000 Genomes on GRCh38,1000 Genomes 30x on GRCh38,1000 Genomes phase 3 release,1000 Genomes phase 1 release,Geuvadis
NA11892	female	SAME123045	CEU	CEPH	EUR	European Ancestry	CEU	1000 Genomes on GRCh38,1000 Genomes 30x on GRCh38,1000 Genomes phase 3 release,1000 Genomes phase 1 release,Geuvadis
NA11931	female	SAME125096	CEU	CEPH	EUR	European Ancestry	CEU	1000 Genomes on GRCh38,1000 Genomes 30x on GRCh38,1000 Genomes phase 3 release,1000 Genomes phase 1 release,Geuvadis
NA11993	female	SAME123965	CEU	CEPH	EUR	European Ancestry	CEU	1000 Genomes on GRCh38,1000 Genomes 30x on GRCh38,1000 Genomes phase 3 release,1000 Genomes phase 1 release,Geuvadis
NA12004	female	SAME125144	CEU	CEPH	EUR	European Ancestry	CEU	1000 Genomes on GRCh38,1000 Genomes 30x on GRCh38,1000 Genomes phase 3 release,1000 Genomes phase 1 release,Geuvadis
NA12155	male	SAME124955	CEU	CEPH	EUR	European Ancestry	CEU	1000 Genomes on GRCh38,1000 Genomes 30x on GRCh38,1000 Genomes phase 3 release,1000 Genomes phase 1 release,Geuvadis
NA12249	female	SAME125371	CEU	CEPH	EUR	European Ancestry	CEU	1000 Genomes on GRCh38,1000 Genomes 30x on GRCh38,1000 Genomes phase 3 release,1000 Genomes phase 1 release,Geuvadis
NA12275	female	SAME125263	CEU	CEPH	EUR	European Ancestry	CEU	1000 Genomes on GRCh38,1000 Genomes 30x on GRCh38,1000 Genomes phase 3 release,1000 Genomes phase 1 release,Geuvadis
NA12282	male	SAME124640	CEU	CEPH	EUR	European Ancestry	CEU	1000 Genomes on GRCh38,1000 Genomes 30x on GRCh38,1000 Genomes phase 3 release,1000 Genomes phase 1 release,Geuvadis
NA12287	female	SAME124641	CEU	CEPH	EUR	European Ancestry	CEU	1000 Genomes on GRCh38,1000 Genomes 30x on GRCh38,1000 Genomes phase 3 release,1000 Genomes phase 1 release,Geuvadis
NA06985	female	SAME124762	CEU	CEPH	EUR	European Ancestry	CEU	1000 Genomes on GRCh38,1000 Genomes 30x on GRCh38,1000 Genomes phase 3 release,1000 Genomes phase 1 release,Geuvadis
NA12340	male	SAME125157	CEU	CEPH	EUR	European Ancestry	CEU	1000 Genomes on GRCh38,1000 Genomes 30x on GRCh38,1000 Genomes phase 3 release,1000 Genomes phase 1 release,Geuvadis
NA12383	female	SAME124384	CEU	CEPH	EUR	European Ancestry	CEU	1000 Genomes on GRCh38,1000 Genomes 30x on GRCh38,1000 Genomes phase 3 release,1000 Genomes phase 1 release,Geuvadis
NA12489	female	SAME125358	CEU	CEPH	EUR	European Ancestry	CEU	1000 Genomes on GRCh38,1000 Genomes 30x on GRCh38,1000 Genomes phase 3 release,1000 Genomes phase 1 release,Geuvadis
NA12718	female	SAME124454	CEU	CEPH	EUR	European Ancestry	CEU	1000 Genomes on GRCh38,1000 Genomes 30x on GRCh38,1000 Genomes phase 3 release,1000 Genomes phase 1 release,Geuvadis
NA12749	female	SAME124828	CEU	CEPH	EUR	European Ancestry	CEU	1000 Genomes on GRCh38,1000 Genomes 30x on GRCh38,1000 Genomes phase 3 release,1000 Genomes phase 1 release,Geuvadis
NA11840	female	SAME125139	CEU	CEPH	EUR	European Ancestry	CEU	1000 Genomes on GRCh38,1000 Genomes 30x on GRCh38,1000 Genomes phase 3 release,1000 Genomes phase 1 release,Geuvadis
NA12751	female	SAME123515	CEU	CEPH	EUR	European Ancestry	CEU	1000 Genomes on GRCh38,1000 Genomes 30x on GRCh38,1000 Genomes phase 3 release,1000 Genomes phase 1 release,Geuvadis
NA12045	male	SAME123211	CEU	CEPH	EUR	European Ancestry	CEU	1000 Genomes on GRCh38,1000 Genomes 30x on GRCh38,1000 Genomes phase 3 release,1000 Genomes phase 1 release,Geuvadis
NA12763	female	SAME123872	CEU	CEPH	EUR	European Ancestry	CEU	1000 Genomes on GRCh38,1000 Genomes 30x on GRCh38,1000 Genomes phase 3 release,1000 Genomes phase 1 release,Geuvadis
NA12775	male	SAME124257	CEU	CEPH	EUR	European Ancestry	CEU	1000 Genomes on GRCh38,1000 Genomes 30x on GRCh38,1000 Genomes phase 3 release,1000 Genomes phase 1 release,Geuvadis
NA12814	male	SAME123021	CEU	CEPH	EUR	European Ancestry	CEU	1000 Genomes on GRCh38,1000 Genomes 30x on GRCh38,1000 Genomes phase 3 release,1000 Genomes phase 1 release,Geuvadis
NA06994	male	SAME124931	CEU	CEPH	EUR	European Ancestry	CEU	1000 Genomes on GRCh38,1000 Genomes 30x on GRCh38,1000 Genomes phase 3 release,1000 Genomes phase 1 release,Geuvadis
NA07000	female	SAME124963	CEU	CEPH	EUR	European Ancestry	CEU	1000 Genomes on GRCh38,1000 Genomes 30x on GRCh38,1000 Genomes phase 3 release,1000 Genomes phase 1 release,Geuvadis
NA10847	female	SAME124757	CEU	CEPH	EUR	European Ancestry	CEU	1000 Genomes on GRCh38,1000 Genomes 30x on GRCh38,1000 Genomes phase 3 release,1000 Genomes phase 1 release,Geuvadis
NA07048	male	SAME124188	CEU	CEPH	EUR	European Ancestry	CEU	1000 Genomes on GRCh38,1000 Genomes 30x on GRCh38,1000 Genomes phase 3 release,1000 Genomes phase 1 release,Geuvadis
NA07346	female	SAME123571	CEU	CEPH	EUR	European Ancestry	CEU	1000 Genomes on GRCh38,1000 Genomes 30x on GRCh38,1000 Genomes phase 3 release,1000 Genomes phase 1 release,Geuvadis
NA12890	female	SAME124116	CEU	CEPH	EUR	European Ancestry	CEU	1000 Genomes on GRCh38,1000 Genomes 30x on GRCh38,Illumina Platinum pedigree,1000 Genomes phase 3 release,1000 Genomes phase 1 release,Geuvadis
NA18487	male	SAME124098	YRI	Yoruba	AFR	African Ancestry	YRI	1000 Genomes on GRCh38,1000 Genomes 30x on GRCh38,1000 Genomes phase 3 release,1000 Genomes phase 1 release,Geuvadis
NA18499	female	SAME124059	YRI	Yoruba	AFR	African Ancestry	YRI	1000 Genomes on GRCh38,1000 Genomes 30x on GRCh38,1000 Genomes phase 3 release,1000 Genomes phase 1 release,Geuvadis
NA18502	female	SAME125055	YRI	Yoruba	AFR	African Ancestry	YRI	1000 Genomes on GRCh38,1000 Genomes 30x on GRCh38,1000 Genomes phase 3 release,1000 Genomes phase 1 release,Geuvadis
NA18519	male	SAME124888	YRI	Yoruba	AFR	African Ancestry	YRI	1000 Genomes on GRCh38,1000 Genomes 30x on GRCh38,1000 Genomes phase 3 release,1000 Genomes phase 1 release,Geuvadis
NA18867	female	SAME124904	YRI	Yoruba	AFR	African Ancestry	YRI	1000 Genomes on GRCh38,1000 Genomes 30x on GRCh38,1000 Genomes phase 3 release,1000 Genomes phase 1 release,Geuvadis
NA19147	female	SAME124613	YRI	Yoruba	AFR	African Ancestry	YRI	1000 Genomes on GRCh38,1000 Genomes 30x on GRCh38,1000 Genomes phase 3 release,1000 Genomes phase 1 release,Geuvadis
NA19159	female	SAME124716	YRI	Yoruba	AFR	African Ancestry	YRI	1000 Genomes on GRCh38,1000 Genomes 30x on GRCh38,1000 Genomes phase 3 release,1000 Genomes phase 1 release,Geuvadis
NA19185	female	SAME123858	YRI	Yoruba	AFR	African Ancestry	YRI	1000 Genomes on GRCh38,1000 Genomes 30x on GRCh38,1000 Genomes phase 3 release,1000 Genomes phase 1 release,Geuvadis
NA19197	female	SAME125309	YRI	Yoruba	AFR	African Ancestry	YRI	1000 Genomes on GRCh38,1000 Genomes 30x on GRCh38,1000 Genomes phase 3 release,1000 Genomes phase 1 release,Geuvadis
NA19200	male	SAME122989	YRI	Yoruba	AFR	African Ancestry	YRI	1000 Genomes on GRCh38,1000 Genomes 30x on GRCh38,1000 Genomes phase 3 release,1000 Genomes phase 1 release,Geuvadis
NA10851	male	SAME125317	CEU	CEPH	EUR	European Ancestry	CEU	1000 Genomes on GRCh38,1000 Genomes 30x on GRCh38,1000 Genomes phase 3 release,1000 Genomes phase 1 release,Geuvadis
NA19207	male	SAME122984	YRI	Yoruba	AFR	African Ancestry	YRI	1000 Genomes on GRCh38,1000 Genomes 30x on GRCh38,1000 Genomes phase 3 release,1000 Genomes phase 1 release,Geuvadis
NA19214	female	SAME125386	YRI	Yoruba	AFR	African Ancestry	YRI	1000 Genomes on GRCh38,1000 Genomes 30x on GRCh38,1000 Genomes phase 3 release,1000 Genomes phase 1 release,Geuvadis
NA19257	female	SAME123495	YRI	Yoruba	AFR	African Ancestry	YRI	1000 Genomes on GRCh38,1000 Genomes 30x on GRCh38,1000 Genomes phase 3 release,1000 Genomes phase 1 release,Geuvadis
NA19236	male	SAME125001	YRI	Yoruba	AFR	African Ancestry	YRI	1000 Genomes on GRCh38,1000 Genomes 30x on GRCh38,1000 Genomes phase 3 release,1000 Genomes phase 1 release,Geuvadis
NA19248	male	SAME123681	YRI	Yoruba	AFR	African Ancestry	YRI	1000 Genomes on GRCh38,1000 Genomes 30x on GRCh38,1000 Genomes phase 3 release,1000 Genomes phase 1 release,Geuvadis
NA19093	female	SAME123172	YRI	Yoruba	AFR	African Ancestry	YRI	1000 Genomes on GRCh38,1000 Genomes 30x on GRCh38,1000 Genomes phase 3 release,1000 Genomes phase 1 release,Geuvadis
NA19098	male	SAME123633	YRI	Yoruba	AFR	African Ancestry	YRI	1000 Genomes on GRCh38,1000 Genomes 30x on GRCh38,1000 Genomes phase 3 release,1000 Genomes phase 1 release,Geuvadis
NA19096	male	SAME123662	YRI	Yoruba	AFR	African Ancestry	YRI	1000 Genomes on GRCh38,1000 Genomes 30x on GRCh38,1000 Genomes phase 3 release,1000 Genomes phase 1 release,Geuvadis
NA19116	female	SAME124911	YRI	Yoruba	AFR	African Ancestry	YRI	1000 Genomes on GRCh38,1000 Genomes 30x on GRCh38,1000 Genomes phase 3 release,1000 Genomes phase 1 release,Geuvadis
NA19130	male	SAME125229	YRI	Yoruba	AFR	African Ancestry	YRI	1000 Genomes on GRCh38,1000 Genomes 30x on GRCh38,1000 Genomes phase 3 release,1000 Genomes phase 1 release,Geuvadis
NA20505	female	SAME124359	TSI	Toscani	EUR	European Ancestry	TSI	1000 Genomes on GRCh38,1000 Genomes 30x on GRCh38,1000 Genomes phase 3 release,1000 Genomes phase 1 release,Geuvadis
NA20512	male	SAME124560	TSI	Toscani	EUR	European Ancestry	TSI	1000 Genomes on GRCh38,1000 Genomes 30x on GRCh38,1000 Genomes phase 3 release,1000 Genomes phase 1 release,Geuvadis
NA20517	female	SAME124557	TSI	Toscani	EUR	European Ancestry	TSI	1000 Genomes on GRCh38,1000 Genomes 30x on GRCh38,1000 Genomes phase 3 release,1000 Genomes phase 1 release,Geuvadis
NA20524	male	SAME124016	TSI	Toscani	EUR	European Ancestry	TSI	1000 Genomes on GRCh38,1000 Genomes 30x on GRCh38,1000 Genomes phase 3 release,1000 Genomes phase 1 release,Geuvadis
NA20529	female	SAME124011	TSI	Toscani	EUR	European Ancestry	TSI	1000 Genomes on GRCh38,1000 Genomes 30x on GRCh38,1000 Genomes phase 3 release,1000 Genomes phase 1 release,Geuvadis
NA20531	female	SAME124170	TSI	Toscani	EUR	European Ancestry	TSI	1000 Genomes on GRCh38,1000 Genomes 30x on GRCh38,1000 Genomes phase 3 release,1000 Genomes phase 1 release,Geuvadis
NA20536	male	SAME124167	TSI	Toscani	EUR	European Ancestry	TSI	1000 Genomes on GRCh38,1000 Genomes 30x on GRCh38,1000 Genomes phase 3 release,1000 Genomes phase 1 release,Geuvadis
NA20543	male	SAME125149	TSI	Toscani	EUR	European Ancestry	TSI	1000 Genomes on GRCh38,1000 Genomes 30x on GRCh38,1000 Genomes phase 3 release,1000 Genomes phase 1 release,Geuvadis
NA20581	male	SAME122859	TSI	Toscani	EUR	European Ancestry	TSI	1000 Genomes on GRCh38,1000 Genomes 30x on GRCh38,1000 Genomes phase 3 release,1000 Genomes phase 1 release,Geuvadis
NA20586	male	SAME122864	TSI	Toscani	EUR	European Ancestry	TSI	1000 Genomes on GRCh38,1000 Genomes 30x on GRCh38,1000 Genomes phase 3 release,1000 Genomes phase 1 release,Geuvadis
NA20752	male	SAME124177	TSI	Toscani	EUR	European Ancestry	TSI	1000 Genomes on GRCh38,1000 Genomes 30x on GRCh38,1000 Genomes phase 3 release,1000 Genomes phase 1 release,Geuvadis
NA20757	female	SAME124176	TSI	Toscani	EUR	European Ancestry	TSI	1000 Genomes on GRCh38,1000 Genomes 30x on GRCh38,1000 Genomes phase 3 release,1000 Genomes phase 1 release,Geuvadis
NA20769	female	SAME124371	TSI	Toscani	EUR	European Ancestry	TSI	1000 Genomes on GRCh38,1000 Genomes 30x on GRCh38,1000 Genomes phase 3 release,1000 Genomes phase 1 release,Geuvadis
NA20771	female	SAME124577	TSI	Toscani	EUR	European Ancestry	TSI	1000 Genomes on GRCh38,1000 Genomes 30x on GRCh38,1000 Genomes phase 3 release,1000 Genomes phase 1 release,Geuvadis
NA20783	male	SAME123607	TSI	Toscani	EUR	European Ancestry	TSI	1000 Genomes on GRCh38,1000 Genomes 30x on GRCh38,1000 Genomes phase 3 release,1000 Genomes phase 1 release,Geuvadis
NA20790	female	SAME123815	TSI	Toscani	EUR	European Ancestry	TSI	1000 Genomes on GRCh38,1000 Genomes 30x on GRCh38,1000 Genomes phase 3 release,1000 Genomes phase 1 release,Geuvadis
NA20795	female	SAME123818	TSI	Toscani	EUR	European Ancestry	TSI	1000 Genomes on GRCh38,1000 Genomes 30x on GRCh38,1000 Genomes phase 3 release,1000 Genomes phase 1 release,Geuvadis
NA20803	male	SAME125367	TSI	Toscani	EUR	European Ancestry	TSI	1000 Genomes on GRCh38,1000 Genomes 30x on GRCh38,1000 Genomes phase 3 release,1000 Genomes phase 1 release,Geuvadis
NA20808	female	SAME122813	TSI	Toscani	EUR	European Ancestry	TSI	1000 Genomes on GRCh38,1000 Genomes 30x on GRCh38,1000 Genomes phase 3 release,1000 Genomes phase 1 release,Geuvadis
NA20810	male	SAME125192	TSI	Toscani	EUR	European Ancestry	TSI	1000 Genomes on GRCh38,1000 Genomes 30x on GRCh38,1000 Genomes phase 3 release,1000 Genomes phase 1 release,Geuvadis
NA20815	male	SAME125187	TSI	Toscani	EUR	European Ancestry	TSI	1000 Genomes on GRCh38,1000 Genomes 30x on GRCh38,1000 Genomes phase 3 release,1000 Genomes phase 1 release,Geuvadis
NA19113	male	SAME123838	YRI	Yoruba	AFR	African Ancestry	YRI	1000 Genomes on GRCh38,1000 Genomes 30x on GRCh38,1000 Genomes phase 3 release,1000 Genomes phase 1 release,Geuvadis
NA19118	female	SAME122943	YRI	Yoruba	AFR	African Ancestry	YRI	1000 Genomes on GRCh38,1000 Genomes 30x on GRCh38,1000 Genomes phase 3 release,1000 Genomes phase 1 release,Geuvadis
NA19137	female	SAME125235	YRI	Yoruba	AFR	African Ancestry	YRI	1000 Genomes on GRCh38,1000 Genomes 30x on GRCh38,1000 Genomes phase 3 release,1000 Genomes phase 1 release,Geuvadis
NA19144	male	SAME123373	YRI	Yoruba	AFR	African Ancestry	YRI	1000 Genomes on GRCh38,1000 Genomes 30x on GRCh38,1000 Genomes phase 3 release,1000 Genomes phase 1 release,Geuvadis
NA19149	female	SAME124605	YRI	Yoruba	AFR	African Ancestry	YRI	1000 Genomes on GRCh38,1000 Genomes 30x on GRCh38,1000 Genomes phase 3 release,1000 Genomes phase 1 release,Geuvadis
NA19175	male	SAME124887	YRI	Yoruba	AFR	African Ancestry	YRI	1000 Genomes on GRCh38,1000 Genomes 30x on GRCh38,1000 Genomes phase 3 release,1000 Genomes phase 1 release,Geuvadis
NA20538	male	SAME124163	TSI	Toscani	EUR	European Ancestry	TSI	1000 Genomes on GRCh38,1000 Genomes 30x on GRCh38,1000 Genomes phase 3 release,1000 Genomes phase 1 release,Geuvadis
NA20540	female	SAME125148	TSI	Toscani	EUR	European Ancestry	TSI	1000 Genomes on GRCh38,1000 Genomes 30x on GRCh38,1000 Genomes phase 3 release,1000 Genomes phase 1 release,Geuvadis
NA20588	male	SAME122866	TSI	Toscani	EUR	European Ancestry	TSI	1000 Genomes on GRCh38,1000 Genomes 30x on GRCh38,1000 Genomes phase 3 release,1000 Genomes phase 1 release,Geuvadis
NA20754	male	SAME124173	TSI	Toscani	EUR	European Ancestry	TSI	1000 Genomes on GRCh38,1000 Genomes 30x on GRCh38,1000 Genomes phase 3 release,1000 Genomes phase 1 release,Geuvadis
NA20759	male	SAME125094	TSI	Toscani	EUR	European Ancestry	TSI	1000 Genomes on GRCh38,1000 Genomes 30x on GRCh38,1000 Genomes phase 3 release,1000 Genomes phase 1 release,Geuvadis
NA20761	female	SAME124363	TSI	Toscani	EUR	European Ancestry	TSI	1000 Genomes on GRCh38,1000 Genomes 30x on GRCh38,1000 Genomes phase 3 release,1000 Genomes phase 1 release,Geuvadis
NA20766	female	SAME124370	TSI	Toscani	EUR	European Ancestry	TSI	1000 Genomes on GRCh38,1000 Genomes 30x on GRCh38,1000 Genomes phase 3 release,1000 Genomes phase 1 release,Geuvadis
NA20773	female	SAME124575	TSI	Toscani	EUR	European Ancestry	TSI	1000 Genomes on GRCh38,1000 Genomes 30x on GRCh38,1000 Genomes phase 3 release,1000 Genomes phase 1 release,Geuvadis
NA20778	male	SAME124571	TSI	Toscani	EUR	European Ancestry	TSI	1000 Genomes on GRCh38,1000 Genomes 30x on GRCh38,1000 Genomes phase 3 release,1000 Genomes phase 1 release,Geuvadis
NA20785	male	SAME123611	TSI	Toscani	EUR	European Ancestry	TSI	1000 Genomes on GRCh38,1000 Genomes 30x on GRCh38,1000 Genomes phase 3 release,1000 Genomes phase 1 release,Geuvadis
NA20502	female	SAME124358	TSI	Toscani	EUR	European Ancestry	TSI	1000 Genomes on GRCh38,1000 Genomes 30x on GRCh38,1000 Genomes phase 3 release,1000 Genomes phase 1 release,Geuvadis
NA20507	female	SAME124361	TSI	Toscani	EUR	European Ancestry	TSI	1000 Genomes on GRCh38,1000 Genomes 30x on GRCh38,1000 Genomes phase 3 release,1000 Genomes phase 1 release,Geuvadis
NA20514	female	SAME124558	TSI	Toscani	EUR	European Ancestry	TSI	1000 Genomes on GRCh38,1000 Genomes 30x on GRCh38,1000 Genomes phase 3 release,1000 Genomes phase 1 release,Geuvadis
NA20519	male	SAME123179	TSI	Toscani	EUR	European Ancestry	TSI	1000 Genomes on GRCh38,1000 Genomes 30x on GRCh38,1000 Genomes phase 3 release,1000 Genomes phase 1 release,Geuvadis
NA20521	male	SAME124018	TSI	Toscani	EUR	European Ancestry	TSI	1000 Genomes on GRCh38,1000 Genomes 30x on GRCh38,1000 Genomes phase 3 release,1000 Genomes phase 1 release,Geuvadis
NA20792	male	SAME123817	TSI	Toscani	EUR	European Ancestry	TSI	1000 Genomes on GRCh38,1000 Genomes 30x on GRCh38,1000 Genomes phase 3 release,1000 Genomes phase 1 release,Geuvadis
NA20797	female	SAME123820	TSI	Toscani	EUR	European Ancestry	TSI	1000 Genomes on GRCh38,1000 Genomes 30x on GRCh38,1000 Genomes phase 3 release,1000 Genomes phase 1 release,Geuvadis
NA20800	female	SAME125364	TSI	Toscani	EUR	European Ancestry	TSI	1000 Genomes on GRCh38,1000 Genomes 30x on GRCh38,1000 Genomes phase 3 release,1000 Genomes phase 1 release,Geuvadis
NA20805	male	SAME125361	TSI	Toscani	EUR	European Ancestry	TSI	1000 Genomes on GRCh38,1000 Genomes 30x on GRCh38,1000 Genomes phase 3 release,1000 Genomes phase 1 release,Geuvadis
NA20812	male	SAME125190	TSI	Toscani	EUR	European Ancestry	TSI	1000 Genomes on GRCh38,1000 Genomes 30x on GRCh38,1000 Genomes phase 3 release,1000 Genomes phase 1 release,Geuvadis
NA18861	female	SAME124905	YRI	Yoruba	AFR	African Ancestry	YRI	1000 Genomes on GRCh38,1000 Genomes 30x on GRCh38,1000 Genomes phase 3 release,1000 Genomes phase 1 release,Geuvadis
NA12286	male	SAME124642	CEU	CEPH	EUR	European Ancestry	CEU	1000 Genomes on GRCh38,1000 Genomes 30x on GRCh38,1000 Genomes phase 3 release,1000 Genomes phase 1 release,Geuvadis
NA12399	male	SAME124193	CEU	CEPH	EUR	European Ancestry	CEU	1000 Genomes on GRCh38,1000 Genomes 30x on GRCh38,1000 Genomes phase 3 release,1000 Genomes phase 1 release,Geuvadis
NA12546	male	SAME124777	CEU	CEPH	EUR	European Ancestry	CEU	1000 Genomes on GRCh38,1000 Genomes 30x on GRCh38,1000 Genomes phase 3 release,1000 Genomes phase 1 release,Geuvadis
NA12717	female	SAME123911	CEU	CEPH	EUR	European Ancestry	CEU	1000 Genomes on GRCh38,1000 Genomes 30x on GRCh38,1000 Genomes phase 3 release,1000 Genomes phase 1 release,Geuvadis
NA12750	male	SAME124646	CEU	CEPH	EUR	European Ancestry	CEU	1000 Genomes on GRCh38,1000 Genomes 30x on GRCh38,1000 Genomes phase 3 release,1000 Genomes phase 1 release,Geuvadis
NA12762	male	SAME125109	CEU	CEPH	EUR	European Ancestry	CEU	1000 Genomes on GRCh38,1000 Genomes 30x on GRCh38,1000 Genomes phase 3 release,1000 Genomes phase 1 release,Geuvadis
NA18520	female	SAME123565	YRI	Yoruba	AFR	African Ancestry	YRI	1000 Genomes on GRCh38,1000 Genomes 30x on GRCh38,1000 Genomes phase 3 release,1000 Genomes phase 1 release,Geuvadis
NA12813	female	SAME123024	CEU	CEPH	EUR	European Ancestry	CEU	1000 Genomes on GRCh38,1000 Genomes 30x on GRCh38,1000 Genomes phase 3 release,1000 Genomes phase 1 release,Geuvadis
NA18486	male	SAME124099	YRI	Yoruba	AFR	African Ancestry	YRI	1000 Genomes on GRCh38,1000 Genomes 30x on GRCh38,1000 Genomes phase 3 release,1000 Genomes phase 1 release,Geuvadis
NA18498	male	SAME124058	YRI	Yoruba	AFR	African Ancestry	YRI	1000 Genomes on GRCh38,1000 Genomes 30x on GRCh38,1000 Genomes phase 3 release,1000 Genomes phase 1 release,Geuvadis
NA11930	male	SAME125095	CEU	CEPH	EUR	European Ancestry	CEU	1000 Genomes on GRCh38,1000 Genomes 30x on GRCh38,1000 Genomes phase 3 release,1000 Genomes phase 1 release,Geuvadis
NA11992	male	SAME123964	CEU	CEPH	EUR	European Ancestry	CEU	1000 Genomes on GRCh38,1000 Genomes 30x on GRCh38,1000 Genomes phase 3 release,1000 Genomes phase 1 release,Geuvadis
NA12058	female	SAME123416	CEU	CEPH	EUR	European Ancestry	CEU	1000 Genomes on GRCh38,1000 Genomes 30x on GRCh38,1000 Genomes phase 3 release,1000 Genomes phase 1 release,Geuvadis
NA12154	male	SAME124959	CEU	CEPH	EUR	European Ancestry	CEU	1000 Genomes on GRCh38,1000 Genomes 30x on GRCh38,1000 Genomes phase 3 release,1000 Genomes phase 1 release,Geuvadis
NA07357	male	SAME123412	CEU	CEPH	EUR	European Ancestry	CEU	1000 Genomes on GRCh38,1000 Genomes 30x on GRCh38,1000 Genomes phase 3 release,1000 Genomes phase 1 release,Geuvadis
NA06986	male	SAME124764	CEU	CEPH	EUR	European Ancestry	CEU	1000 Genomes on GRCh38,1000 Genomes 30x on GRCh38,1000 Genomes phase 3 release,1000 Genomes phase 1 release,Geuvadis
NA19092	male	SAME123173	YRI	Yoruba	AFR	African Ancestry	YRI	1000 Genomes on GRCh38,1000 Genomes 30x on GRCh38,1000 Genomes phase 3 release,1000 Genomes phase 1 release,Geuvadis
NA19213	male	SAME125384	YRI	Yoruba	AFR	African Ancestry	YRI	1000 Genomes on GRCh38,1000 Genomes 30x on GRCh38,1000 Genomes phase 3 release,1000 Genomes phase 1 release,Geuvadis
NA19225	female	SAME125218	YRI	Yoruba	AFR	African Ancestry	YRI	1000 Genomes on GRCh38,1000 Genomes 30x on GRCh38,1000 Genomes phase 3 release,1000 Genomes phase 1 release,Geuvadis
NA19256	male	SAME124707	YRI	Yoruba	AFR	African Ancestry	YRI	1000 Genomes on GRCh38,1000 Genomes 30x on GRCh38,1000 Genomes phase 3 release,1000 Genomes phase 1 release,Geuvadis
NA19143	female	SAME124609	YRI	Yoruba	AFR	African Ancestry	YRI	1000 Genomes on GRCh38,1000 Genomes 30x on GRCh38,1000 Genomes phase 3 release,1000 Genomes phase 1 release,Geuvadis
NA19150	male	SAME124838	YRI	Yoruba	AFR	African Ancestry	YRI	1000 Genomes on GRCh38,1000 Genomes 30x on GRCh38,1000 Genomes phase 3 release,1000 Genomes phase 1 release,Geuvadis
NA19198	male	SAME124049	YRI	Yoruba	AFR	African Ancestry	YRI	1000 Genomes on GRCh38,1000 Genomes 30x on GRCh38,1000 Genomes phase 3 release,1000 Genomes phase 1 release,Geuvadis
NA19201	female	SAME122990	YRI	Yoruba	AFR	African Ancestry	YRI	1000 Genomes on GRCh38,1000 Genomes 30x on GRCh38,1000 Genomes phase 3 release,1000 Genomes phase 1 release,Geuvadis
NA19206	female	SAME122983	YRI	Yoruba	AFR	African Ancestry	YRI	1000 Genomes on GRCh38,1000 Genomes 30x on GRCh38,1000 Genomes phase 3 release,1000 Genomes phase 1 release,Geuvadis
NA18873	female	SAME123536	YRI	Yoruba	AFR	African Ancestry	YRI	1000 Genomes on GRCh38,1000 Genomes 30x on GRCh38,1000 Genomes phase 3 release,1000 Genomes phase 1 release,Geuvadis
NA18912	female	SAME123404	YRI	Yoruba	AFR	African Ancestry	YRI	1000 Genomes on GRCh38,1000 Genomes 30x on GRCh38,1000 Genomes phase 3 release,1000 Genomes phase 1 release,Geuvadis
NA18917	male	SAME123407	YRI	Yoruba	AFR	African Ancestry	YRI	1000 Genomes on GRCh38,1000 Genomes 30x on GRCh38,1000 Genomes phase 3 release,1000 Genomes phase 1 release,Geuvadis
NA19117	male	SAME124914	YRI	Yoruba	AFR	African Ancestry	YRI	1000 Genomes on GRCh38,1000 Genomes 30x on GRCh38,1000 Genomes phase 3 release,1000 Genomes phase 1 release,Geuvadis
NA19129	female	SAME125021	YRI	Yoruba	AFR	African Ancestry	YRI	1000 Genomes on GRCh38,1000 Genomes 30x on GRCh38,1000 Genomes phase 3 release,1000 Genomes phase 1 release,Geuvadis
NA19131	female	SAME125230	YRI	Yoruba	AFR	African Ancestry	YRI	1000 Genomes on GRCh38,1000 Genomes 30x on GRCh38,1000 Genomes phase 3 release,1000 Genomes phase 1 release,Geuvadis
NA20506	female	SAME124362	TSI	Toscani	EUR	European Ancestry	TSI	1000 Genomes on GRCh38,1000 Genomes 30x on GRCh38,1000 Genomes phase 3 release,1000 Genomes phase 1 release,Geuvadis
NA20513	male	SAME124561	TSI	Toscani	EUR	European Ancestry	TSI	1000 Genomes on GRCh38,1000 Genomes 30x on GRCh38,1000 Genomes phase 3 release,1000 Genomes phase 1 release,Geuvadis
NA20518	male	SAME123178	TSI	Toscani	EUR	European Ancestry	TSI	1000 Genomes on GRCh38,1000 Genomes 30x on GRCh38,1000 Genomes phase 3 release,1000 Genomes phase 1 release,Geuvadis
NA20520	male	SAME124019	TSI	Toscani	EUR	European Ancestry	TSI	1000 Genomes on GRCh38,1000 Genomes 30x on GRCh38,1000 Genomes phase 3 release,1000 Genomes phase 1 release,Geuvadis
NA20525	male	SAME124015	TSI	Toscani	EUR	European Ancestry	TSI	1000 Genomes on GRCh38,1000 Genomes 30x on GRCh38,1000 Genomes phase 3 release,1000 Genomes phase 1 release,Geuvadis
NA20532	male	SAME124171	TSI	Toscani	EUR	European Ancestry	TSI	1000 Genomes on GRCh38,1000 Genomes 30x on GRCh38,1000 Genomes phase 3 release,1000 Genomes phase 1 release,Geuvadis
NA20537	male	SAME124168	TSI	Toscani	EUR	European Ancestry	TSI	1000 Genomes on GRCh38,1000 Genomes phase 3 release,1000 Genomes phase 1 release,Geuvadis
NA20544	male	SAME125146	TSI	Toscani	EUR	European Ancestry	TSI	1000 Genomes on GRCh38,1000 Genomes 30x on GRCh38,1000 Genomes phase 3 release,1000 Genomes phase 1 release,Geuvadis
NA20582	female	SAME123474	TSI	Toscani	EUR	European Ancestry	TSI	1000 Genomes on GRCh38,1000 Genomes 30x on GRCh38,1000 Genomes phase 3 release,1000 Genomes phase 1 release,Geuvadis
NA20758	male	SAME125117	TSI	Toscani	EUR	European Ancestry	TSI	1000 Genomes on GRCh38,1000 Genomes 30x on GRCh38,1000 Genomes phase 3 release,1000 Genomes phase 1 release,Geuvadis
NA20760	female	SAME124364	TSI	Toscani	EUR	European Ancestry	TSI	1000 Genomes on GRCh38,1000 Genomes 30x on GRCh38,1000 Genomes phase 3 release,1000 Genomes phase 1 release,Geuvadis
NA20765	male	SAME124367	TSI	Toscani	EUR	European Ancestry	TSI	1000 Genomes on GRCh38,1000 Genomes 30x on GRCh38,1000 Genomes phase 3 release,1000 Genomes phase 1 release,Geuvadis
NA20772	female	SAME124574	TSI	Toscani	EUR	European Ancestry	TSI	1000 Genomes on GRCh38,1000 Genomes 30x on GRCh38,1000 Genomes phase 3 release,1000 Genomes phase 1 release,Geuvadis
NA20796	male	SAME123819	TSI	Toscani	EUR	European Ancestry	TSI	1000 Genomes on GRCh38,1000 Genomes 30x on GRCh38,1000 Genomes phase 3 release,1000 Genomes phase 1 release,Geuvadis
NA20804	female	SAME125224	TSI	Toscani	EUR	European Ancestry	TSI	1000 Genomes on GRCh38,1000 Genomes 30x on GRCh38,1000 Genomes phase 3 release,1000 Genomes phase 1 release,Geuvadis
NA20809	male	SAME125359	TSI	Toscani	EUR	European Ancestry	TSI	1000 Genomes on GRCh38,1000 Genomes 30x on GRCh38,1000 Genomes phase 3 release,1000 Genomes phase 1 release,Geuvadis
NA20811	male	SAME123069	TSI	Toscani	EUR	European Ancestry	TSI	1000 Genomes on GRCh38,1000 Genomes 30x on GRCh38,1000 Genomes phase 3 release,1000 Genomes phase 1 release,Geuvadis
NA20816	male	SAME125186	TSI	Toscani	EUR	European Ancestry	TSI	1000 Genomes on GRCh38,1000 Genomes phase 3 release,1000 Genomes phase 1 release,Geuvadis
NA20828	female	SAME123076	TSI	Toscani	EUR	European Ancestry	TSI	1000 Genomes on GRCh38,1000 Genomes 30x on GRCh38,1000 Genomes phase 3 release,1000 Genomes phase 1 release,Geuvadis
